Drug,Lineage,Percentage of Strains that are Resistant,Number of Resistant Strains,Number of Susceptible Strains,No Results
amk,1,0.0,0,1,2
amk,"1,2.2.1",0.0,0,0,1
amk,1.1,0.0,0,0,1
amk,1.1.1,0.0,0,2,34
amk,1.1.1.1,0.0,0,2,18
amk,1.1.2,0.0,0,2,270
amk,"1.1.2,1.2.2",0.0,0,0,1
amk,"1.1.2,3",0.0,0,0,2
amk,"1.1.2,4",0.0,0,0,6
amk,"1.1.2,4.3.2.1",0.0,0,0,1
amk,"1.1.2,4.4",0.0,0,0,1
amk,1.1.3,0.0,0,2,308
amk,"1.1.3,1.1.2",0.0,0,0,3
amk,"1.1.3,2.2.1.2",0.0,0,0,1
amk,"1.1.3,3",0.0,0,0,1
amk,"1.1.3,4.1.1.1",0.0,0,0,1
amk,"1.1.3,4.5",0.0,0,0,1
amk,1.2.1,0.0,0,6,269
amk,1.2.2,0.0,0,16,233
amk,"1.2.2,3.1.2",0.0,0,0,1
amk,2,0.0,0,1,0
amk,"2,4.3.2.1",0.0,0,1,0
amk,2.1,0.0,0,1,18
amk,"2.2,3",0.0,0,0,1
amk,"2.2,4.3.2.1",0.0,0,0,1
amk,2.2.1,1.7632241813602014,28,383,1177
amk,"2.2.1,1.2.2",0.0,0,0,1
amk,"2.2.1,3",0.0,0,1,1
amk,"2.2.1,4",0.0,0,1,2
amk,"2.2.1,4.1.1.1",0.0,0,0,1
amk,"2.2.1,4.1.1.3",0.0,0,0,1
amk,"2.2.1,4.3.2.1",0.0,0,0,1
amk,"2.2.1,4.3.4.2",0.0,0,0,1
amk,"2.2.1,4.8",0.0,0,0,2
amk,"2.2.1,6,BOV_AFRI",0.0,0,0,1
amk,"2.2.1,BOV_AFRI",0.0,0,0,1
amk,2.2.1.1,0.0,0,47,124
amk,2.2.1.2,0.0,0,0,24
amk,2.2.2,11.11111111111111,14,19,93
amk,3,0.0,0,29,1230
amk,"3,4",0.0,0,0,1
amk,3.1.1,0.0,0,22,116
amk,3.1.2,0.0,0,3,73
amk,3.1.2.1,0.0,0,1,48
amk,3.1.2.2,0.0,0,0,17
amk,"3.1.2.2,1.1.1",0.0,0,0,1
amk,4,2.0833333333333335,1,4,43
amk,4.1,0.0,0,12,50
amk,"4.1,1.2.2",0.0,0,0,1
amk,"4.1,2.2.1,4.8",0.0,0,0,1
amk,4.1.1,0.0,0,14,31
amk,4.1.1.1,0.0,0,28,146
amk,"4.1.1.1,2.2",0.0,0,0,1
amk,4.1.1.2,0.0,0,6,40
amk,4.1.1.3,0.3508771929824561,1,77,207
amk,4.1.2,0.0,0,34,78
amk,"4.1.2,1.2.2",0.0,0,0,1
amk,"4.1.2,4.2.2",0.0,0,1,0
amk,4.1.2.1,0.3007518796992481,2,72,591
amk,"4.1.2.1,2.2.1",33.333333333333336,1,0,2
amk,"4.1.2.1,3",0.0,0,0,1
amk,"4.1.2.1,4.4.1",0.0,0,0,1
amk,"4.1.2.1,4.7",0.0,0,0,1
amk,4.2.1,0.0,0,2,159
amk,"4.2.1,4.7",0.0,0,0,1
amk,4.2.2,0.0,0,3,99
amk,4.2.2.1,0.0,0,1,26
amk,4.3,0.0,0,0,4
amk,"4.3,2.2.1",0.0,0,0,1
amk,4.3.1,2.6315789473684212,1,0,37
amk,4.3.2,0.0,0,13,65
amk,4.3.2.1,0.6666666666666666,2,174,124
amk,"4.3.2.1,4.3.4",0.0,0,1,0
amk,4.3.3,0.273972602739726,1,66,298
amk,"4.3.3,1.1.3",0.0,0,0,1
amk,"4.3.3,2.2.1",50.0,1,0,1
amk,"4.3.3,3.1.1",0.0,0,0,1
amk,"4.3.3,4.1.1",0.0,0,1,0
amk,"4.3.3,4.1.2",0.0,0,1,2
amk,"4.3.3,4.3.2.1",50.0,1,0,1
amk,4.3.4,0.0,0,0,2
amk,4.3.4.1,0.0,0,11,49
amk,4.3.4.2,0.0,0,13,117
amk,"4.3.4.2,3.1.2.1",0.0,0,1,0
amk,4.3.4.2.1,0.0,0,56,71
amk,"4.3.4.2.1,1.1.2",0.0,0,0,1
amk,4.4,0.0,0,1,7
amk,4.4.1.1,0.0,0,133,243
amk,"4.4.1.1,3",0.0,0,2,0
amk,"4.4.1.1,4.1.2",0.0,0,2,2
amk,"4.4.1.1,4.3.3",0.0,0,1,0
amk,"4.4.1.1,4.3.4.2.1",0.0,0,1,2
amk,"4.4.1.1,4.6.1.2",0.0,0,1,0
amk,4.4.1.2,0.0,0,0,90
amk,4.4.2,0.0,0,5,18
amk,4.5,0.0,0,4,86
amk,"4.5,1.1.2",0.0,0,0,1
amk,"4.5,1.2.1",0.0,0,0,2
amk,4.6,0.0,0,0,9
amk,4.6.1.1,0.0,0,6,5
amk,4.6.1.2,0.0,0,7,12
amk,4.6.2,0.0,0,0,28
amk,4.6.2.1,0.0,0,0,8
amk,4.6.2.2,0.0,0,2,65
amk,4.7,0.0,0,9,57
amk,4.8,0.18518518518518517,1,96,443
amk,"4.8,4.1.1.3",0.0,0,0,2
amk,"4.8,4.3.4.1",0.0,0,0,2
amk,4.9,0.0,0,33,102
amk,5,0.0,0,0,15
amk,"5,6,BOV_AFRI",0.0,0,0,1
amk,6,0.0,0,0,2
amk,"6,BOV_AFRI",0.0,0,5,31
amk,BOV_AFRI,0.0,0,2,83
cap,1,0.0,0,1,2
cap,"1,2.2.1",0.0,0,0,1
cap,1.1,0.0,0,0,1
cap,1.1.1,0.0,0,2,34
cap,1.1.1.1,0.0,0,2,18
cap,1.1.2,0.0,0,21,251
cap,"1.1.2,1.2.2",0.0,0,0,1
cap,"1.1.2,3",0.0,0,2,0
cap,"1.1.2,4",0.0,0,4,2
cap,"1.1.2,4.3.2.1",0.0,0,0,1
cap,"1.1.2,4.4",0.0,0,0,1
cap,1.1.3,0.0,0,4,306
cap,"1.1.3,1.1.2",0.0,0,0,3
cap,"1.1.3,2.2.1.2",0.0,0,0,1
cap,"1.1.3,3",0.0,0,0,1
cap,"1.1.3,4.1.1.1",0.0,0,0,1
cap,"1.1.3,4.5",0.0,0,0,1
cap,1.2.1,0.0,0,6,269
cap,1.2.2,0.8032128514056225,2,15,232
cap,"1.2.2,3.1.2",0.0,0,0,1
cap,2,0.0,0,0,1
cap,"2,4.3.2.1",0.0,0,1,0
cap,2.1,0.0,0,1,18
cap,"2.2,3",0.0,0,0,1
cap,"2.2,4.3.2.1",0.0,0,0,1
cap,2.2.1,0.9445843828715366,15,400,1173
cap,"2.2.1,1.2.2",0.0,0,0,1
cap,"2.2.1,3",0.0,0,0,2
cap,"2.2.1,4",0.0,0,1,2
cap,"2.2.1,4.1.1.1",0.0,0,0,1
cap,"2.2.1,4.1.1.3",0.0,0,0,1
cap,"2.2.1,4.3.2.1",0.0,0,0,1
cap,"2.2.1,4.3.4.2",0.0,0,0,1
cap,"2.2.1,4.8",0.0,0,0,2
cap,"2.2.1,6,BOV_AFRI",0.0,0,0,1
cap,"2.2.1,BOV_AFRI",0.0,0,0,1
cap,2.2.1.1,0.0,0,51,120
cap,2.2.1.2,0.0,0,0,24
cap,2.2.2,2.380952380952381,3,15,108
cap,3,0.3971405877680699,5,137,1117
cap,"3,4",0.0,0,0,1
cap,3.1.1,0.0,0,21,117
cap,3.1.2,0.0,0,6,70
cap,3.1.2.1,0.0,0,3,46
cap,3.1.2.2,0.0,0,0,17
cap,"3.1.2.2,1.1.1",0.0,0,0,1
cap,4,0.0,0,3,45
cap,4.1,0.0,0,12,50
cap,"4.1,1.2.2",0.0,0,0,1
cap,"4.1,2.2.1,4.8",0.0,0,0,1
cap,4.1.1,0.0,0,14,31
cap,4.1.1.1,0.0,0,31,143
cap,"4.1.1.1,2.2",0.0,0,0,1
cap,4.1.1.2,0.0,0,6,40
cap,4.1.1.3,0.0,0,78,207
cap,4.1.2,0.8928571428571429,1,34,77
cap,"4.1.2,1.2.2",0.0,0,0,1
cap,"4.1.2,4.2.2",0.0,0,1,0
cap,4.1.2.1,0.0,0,72,593
cap,"4.1.2.1,2.2.1",33.333333333333336,1,1,1
cap,"4.1.2.1,3",0.0,0,0,1
cap,"4.1.2.1,4.4.1",0.0,0,0,1
cap,"4.1.2.1,4.7",0.0,0,0,1
cap,4.2.1,0.0,0,1,160
cap,"4.2.1,4.7",0.0,0,0,1
cap,4.2.2,0.9803921568627451,1,4,97
cap,4.2.2.1,0.0,0,1,26
cap,4.3,0.0,0,0,4
cap,"4.3,2.2.1",0.0,0,0,1
cap,4.3.1,0.0,0,1,37
cap,4.3.2,1.2820512820512822,1,13,64
cap,4.3.2.1,0.6666666666666666,2,178,120
cap,"4.3.2.1,4.3.4",0.0,0,1,0
cap,4.3.3,1.36986301369863,5,68,292
cap,"4.3.3,1.1.3",0.0,0,0,1
cap,"4.3.3,2.2.1",50.0,1,0,1
cap,"4.3.3,3.1.1",0.0,0,0,1
cap,"4.3.3,4.1.1",0.0,0,1,0
cap,"4.3.3,4.1.2",0.0,0,1,2
cap,"4.3.3,4.3.2.1",50.0,1,0,1
cap,4.3.4,0.0,0,0,2
cap,4.3.4.1,0.0,0,11,49
cap,4.3.4.2,0.0,0,12,118
cap,"4.3.4.2,3.1.2.1",0.0,0,0,1
cap,4.3.4.2.1,0.0,0,57,70
cap,"4.3.4.2.1,1.1.2",0.0,0,0,1
cap,4.4,0.0,0,1,7
cap,4.4.1.1,0.5319148936170213,2,132,242
cap,"4.4.1.1,3",0.0,0,2,0
cap,"4.4.1.1,4.1.2",0.0,0,2,2
cap,"4.4.1.1,4.3.3",0.0,0,1,0
cap,"4.4.1.1,4.3.4.2.1",0.0,0,1,2
cap,"4.4.1.1,4.6.1.2",0.0,0,0,1
cap,4.4.1.2,0.0,0,0,90
cap,4.4.2,0.0,0,5,18
cap,4.5,0.0,0,5,85
cap,"4.5,1.1.2",0.0,0,0,1
cap,"4.5,1.2.1",0.0,0,0,2
cap,4.6,0.0,0,0,9
cap,4.6.1.1,0.0,0,2,9
cap,4.6.1.2,0.0,0,2,17
cap,4.6.2,0.0,0,2,26
cap,4.6.2.1,0.0,0,0,8
cap,4.6.2.2,0.0,0,2,65
cap,4.7,0.0,0,9,57
cap,4.8,0.18518518518518517,1,96,443
cap,"4.8,4.1.1.3",0.0,0,1,1
cap,"4.8,4.3.4.1",0.0,0,0,2
cap,4.9,0.0,0,36,99
cap,5,0.0,0,0,15
cap,"5,6,BOV_AFRI",0.0,0,0,1
cap,6,0.0,0,0,2
cap,"6,BOV_AFRI",0.0,0,5,31
cap,BOV_AFRI,0.0,0,2,83
cip,1,0.0,0,0,3
cip,"1,2.2.1",0.0,0,0,1
cip,1.1,0.0,0,0,1
cip,1.1.1,0.0,0,0,36
cip,1.1.1.1,0.0,0,0,20
cip,1.1.2,0.0,0,1,271
cip,"1.1.2,1.2.2",0.0,0,0,1
cip,"1.1.2,3",0.0,0,0,2
cip,"1.1.2,4",0.0,0,0,6
cip,"1.1.2,4.3.2.1",0.0,0,0,1
cip,"1.1.2,4.4",0.0,0,0,1
cip,1.1.3,0.0,0,0,310
cip,"1.1.3,1.1.2",0.0,0,0,3
cip,"1.1.3,2.2.1.2",0.0,0,0,1
cip,"1.1.3,3",0.0,0,0,1
cip,"1.1.3,4.1.1.1",0.0,0,0,1
cip,"1.1.3,4.5",0.0,0,0,1
cip,1.2.1,0.0,0,0,275
cip,1.2.2,0.0,0,0,249
cip,"1.2.2,3.1.2",0.0,0,0,1
cip,2,0.0,0,0,1
cip,"2,4.3.2.1",0.0,0,0,1
cip,2.1,0.0,0,0,19
cip,"2.2,3",0.0,0,0,1
cip,"2.2,4.3.2.1",0.0,0,0,1
cip,2.2.1,0.0,0,2,1586
cip,"2.2.1,1.2.2",0.0,0,0,1
cip,"2.2.1,3",0.0,0,0,2
cip,"2.2.1,4",0.0,0,0,3
cip,"2.2.1,4.1.1.1",0.0,0,0,1
cip,"2.2.1,4.1.1.3",0.0,0,0,1
cip,"2.2.1,4.3.2.1",0.0,0,0,1
cip,"2.2.1,4.3.4.2",0.0,0,0,1
cip,"2.2.1,4.8",0.0,0,0,2
cip,"2.2.1,6,BOV_AFRI",0.0,0,0,1
cip,"2.2.1,BOV_AFRI",0.0,0,0,1
cip,2.2.1.1,0.0,0,0,171
cip,2.2.1.2,0.0,0,0,24
cip,2.2.2,0.7936507936507936,1,0,125
cip,3,0.0,0,0,1259
cip,"3,4",0.0,0,0,1
cip,3.1.1,0.0,0,2,136
cip,3.1.2,0.0,0,0,76
cip,3.1.2.1,0.0,0,0,49
cip,3.1.2.2,0.0,0,0,17
cip,"3.1.2.2,1.1.1",0.0,0,0,1
cip,4,0.0,0,0,48
cip,4.1,0.0,0,0,62
cip,"4.1,1.2.2",0.0,0,0,1
cip,"4.1,2.2.1,4.8",0.0,0,0,1
cip,4.1.1,0.0,0,0,45
cip,4.1.1.1,0.0,0,1,173
cip,"4.1.1.1,2.2",0.0,0,1,0
cip,4.1.1.2,0.0,0,0,46
cip,4.1.1.3,0.3508771929824561,1,4,280
cip,4.1.2,0.0,0,0,112
cip,"4.1.2,1.2.2",0.0,0,0,1
cip,"4.1.2,4.2.2",0.0,0,0,1
cip,4.1.2.1,0.0,0,0,665
cip,"4.1.2.1,2.2.1",0.0,0,0,3
cip,"4.1.2.1,3",0.0,0,0,1
cip,"4.1.2.1,4.4.1",0.0,0,0,1
cip,"4.1.2.1,4.7",0.0,0,0,1
cip,4.2.1,0.0,0,0,161
cip,"4.2.1,4.7",0.0,0,0,1
cip,4.2.2,0.0,0,0,102
cip,4.2.2.1,0.0,0,0,27
cip,4.3,0.0,0,0,4
cip,"4.3,2.2.1",0.0,0,0,1
cip,4.3.1,0.0,0,0,38
cip,4.3.2,0.0,0,0,78
cip,4.3.2.1,0.0,0,0,300
cip,"4.3.2.1,4.3.4",0.0,0,0,1
cip,4.3.3,0.273972602739726,1,2,362
cip,"4.3.3,1.1.3",0.0,0,0,1
cip,"4.3.3,2.2.1",0.0,0,0,2
cip,"4.3.3,3.1.1",0.0,0,0,1
cip,"4.3.3,4.1.1",0.0,0,0,1
cip,"4.3.3,4.1.2",0.0,0,0,3
cip,"4.3.3,4.3.2.1",0.0,0,0,2
cip,4.3.4,0.0,0,0,2
cip,4.3.4.1,0.0,0,0,60
cip,4.3.4.2,0.0,0,0,130
cip,"4.3.4.2,3.1.2.1",0.0,0,0,1
cip,4.3.4.2.1,0.0,0,0,127
cip,"4.3.4.2.1,1.1.2",0.0,0,0,1
cip,4.4,0.0,0,0,8
cip,4.4.1.1,0.0,0,6,370
cip,"4.4.1.1,3",0.0,0,0,2
cip,"4.4.1.1,4.1.2",0.0,0,0,4
cip,"4.4.1.1,4.3.3",0.0,0,0,1
cip,"4.4.1.1,4.3.4.2.1",0.0,0,0,3
cip,"4.4.1.1,4.6.1.2",0.0,0,0,1
cip,4.4.1.2,0.0,0,0,90
cip,4.4.2,0.0,0,0,23
cip,4.5,0.0,0,0,90
cip,"4.5,1.1.2",0.0,0,0,1
cip,"4.5,1.2.1",0.0,0,0,2
cip,4.6,0.0,0,0,9
cip,4.6.1.1,0.0,0,0,11
cip,4.6.1.2,0.0,0,0,19
cip,4.6.2,0.0,0,0,28
cip,4.6.2.1,0.0,0,0,8
cip,4.6.2.2,0.0,0,0,67
cip,4.7,0.0,0,0,66
cip,4.8,0.0,0,2,538
cip,"4.8,4.1.1.3",0.0,0,1,1
cip,"4.8,4.3.4.1",0.0,0,0,2
cip,4.9,0.0,0,0,135
cip,5,0.0,0,0,15
cip,"5,6,BOV_AFRI",0.0,0,0,1
cip,6,0.0,0,0,2
cip,"6,BOV_AFRI",0.0,0,0,36
cip,BOV_AFRI,0.0,0,0,85
emb,1,0.0,0,3,0
emb,"1,2.2.1",100.0,1,0,0
emb,1.1,100.0,1,0,0
emb,1.1.1,11.11111111111111,4,31,1
emb,1.1.1.1,0.0,0,20,0
emb,1.1.2,5.882352941176471,16,210,46
emb,"1.1.2,1.2.2",0.0,0,0,1
emb,"1.1.2,3",0.0,0,0,2
emb,"1.1.2,4",16.666666666666668,1,1,4
emb,"1.1.2,4.3.2.1",0.0,0,1,0
emb,"1.1.2,4.4",0.0,0,1,0
emb,1.1.3,0.967741935483871,3,57,250
emb,"1.1.3,1.1.2",0.0,0,2,1
emb,"1.1.3,2.2.1.2",0.0,0,0,1
emb,"1.1.3,3",0.0,0,0,1
emb,"1.1.3,4.1.1.1",0.0,0,0,1
emb,"1.1.3,4.5",0.0,0,1,0
emb,1.2.1,1.8181818181818181,5,263,7
emb,1.2.2,11.646586345381525,29,118,102
emb,"1.2.2,3.1.2",100.0,1,0,0
emb,2,0.0,0,0,1
emb,"2,4.3.2.1",0.0,0,0,1
emb,2.1,42.10526315789474,8,9,2
emb,"2.2,3",0.0,0,1,0
emb,"2.2,4.3.2.1",0.0,0,1,0
emb,2.2.1,18.702770780856422,297,743,548
emb,"2.2.1,1.2.2",0.0,0,1,0
emb,"2.2.1,3",0.0,0,2,0
emb,"2.2.1,4",0.0,0,3,0
emb,"2.2.1,4.1.1.1",0.0,0,1,0
emb,"2.2.1,4.1.1.3",0.0,0,1,0
emb,"2.2.1,4.3.2.1",0.0,0,1,0
emb,"2.2.1,4.3.4.2",0.0,0,0,1
emb,"2.2.1,4.8",0.0,0,2,0
emb,"2.2.1,6,BOV_AFRI",0.0,0,1,0
emb,"2.2.1,BOV_AFRI",0.0,0,0,1
emb,2.2.1.1,16.374269005847953,28,95,48
emb,2.2.1.2,20.833333333333332,5,10,9
emb,2.2.2,36.507936507936506,46,45,35
emb,3,12.152501985702939,153,859,247
emb,"3,4",100.0,1,0,0
emb,3.1.1,0.0,0,99,39
emb,3.1.2,5.2631578947368425,4,59,13
emb,3.1.2.1,10.204081632653061,5,32,12
emb,3.1.2.2,0.0,0,17,0
emb,"3.1.2.2,1.1.1",0.0,0,0,1
emb,4,20.833333333333332,10,24,14
emb,4.1,16.129032258064516,10,37,15
emb,"4.1,1.2.2",0.0,0,0,1
emb,"4.1,2.2.1,4.8",0.0,0,1,0
emb,4.1.1,15.555555555555555,7,28,10
emb,4.1.1.1,2.2988505747126435,4,123,47
emb,"4.1.1.1,2.2",0.0,0,1,0
emb,4.1.1.2,2.1739130434782608,1,39,6
emb,4.1.1.3,12.982456140350877,37,148,100
emb,4.1.2,2.6785714285714284,3,71,38
emb,"4.1.2,1.2.2",0.0,0,1,0
emb,"4.1.2,4.2.2",0.0,0,0,1
emb,4.1.2.1,7.518796992481203,50,480,135
emb,"4.1.2.1,2.2.1",66.66666666666667,2,0,1
emb,"4.1.2.1,3",0.0,0,1,0
emb,"4.1.2.1,4.4.1",0.0,0,1,0
emb,"4.1.2.1,4.7",0.0,0,1,0
emb,4.2.1,7.453416149068323,12,143,6
emb,"4.2.1,4.7",0.0,0,1,0
emb,4.2.2,19.607843137254903,20,68,14
emb,4.2.2.1,51.851851851851855,14,13,0
emb,4.3,0.0,0,4,0
emb,"4.3,2.2.1",100.0,1,0,0
emb,4.3.1,2.6315789473684212,1,32,5
emb,4.3.2,10.256410256410257,8,51,19
emb,4.3.2.1,0.6666666666666666,2,116,182
emb,"4.3.2.1,4.3.4",0.0,0,0,1
emb,4.3.3,17.80821917808219,65,168,132
emb,"4.3.3,1.1.3",0.0,0,1,0
emb,"4.3.3,2.2.1",50.0,1,1,0
emb,"4.3.3,3.1.1",0.0,0,0,1
emb,"4.3.3,4.1.1",0.0,0,0,1
emb,"4.3.3,4.1.2",0.0,0,2,1
emb,"4.3.3,4.3.2.1",50.0,1,0,1
emb,4.3.4,0.0,0,1,1
emb,4.3.4.1,10.0,6,46,8
emb,4.3.4.2,13.076923076923077,17,62,51
emb,"4.3.4.2,3.1.2.1",0.0,0,0,1
emb,4.3.4.2.1,2.3622047244094486,3,62,62
emb,"4.3.4.2.1,1.1.2",0.0,0,1,0
emb,4.4,12.5,1,6,1
emb,4.4.1.1,11.436170212765957,43,180,153
emb,"4.4.1.1,3",0.0,0,0,2
emb,"4.4.1.1,4.1.2",0.0,0,2,2
emb,"4.4.1.1,4.3.3",0.0,0,0,1
emb,"4.4.1.1,4.3.4.2.1",0.0,0,0,3
emb,"4.4.1.1,4.6.1.2",0.0,0,1,0
emb,4.4.1.2,0.0,0,86,4
emb,4.4.2,13.043478260869565,3,16,4
emb,4.5,8.88888888888889,8,71,11
emb,"4.5,1.1.2",0.0,0,1,0
emb,"4.5,1.2.1",0.0,0,2,0
emb,4.6,0.0,0,8,1
emb,4.6.1.1,0.0,0,10,1
emb,4.6.1.2,26.31578947368421,5,12,2
emb,4.6.2,3.5714285714285716,1,25,2
emb,4.6.2.1,0.0,0,6,2
emb,4.6.2.2,2.985074626865672,2,60,5
emb,4.7,9.090909090909092,6,46,14
emb,4.8,8.88888888888889,48,352,140
emb,"4.8,4.1.1.3",0.0,0,2,0
emb,"4.8,4.3.4.1",0.0,0,0,2
emb,4.9,13.333333333333334,18,75,42
emb,5,0.0,0,13,2
emb,"5,6,BOV_AFRI",0.0,0,1,0
emb,6,0.0,0,1,1
emb,"6,BOV_AFRI",2.7777777777777777,1,32,3
emb,BOV_AFRI,1.1764705882352942,1,75,9
eth,1,0.0,0,0,3
eth,"1,2.2.1",0.0,0,0,1
eth,1.1,0.0,0,0,1
eth,1.1.1,8.333333333333334,3,0,33
eth,1.1.1.1,5.0,1,1,18
eth,1.1.2,0.0,0,1,271
eth,"1.1.2,1.2.2",0.0,0,0,1
eth,"1.1.2,3",0.0,0,0,2
eth,"1.1.2,4",0.0,0,0,6
eth,"1.1.2,4.3.2.1",0.0,0,0,1
eth,"1.1.2,4.4",0.0,0,0,1
eth,1.1.3,0.967741935483871,3,0,307
eth,"1.1.3,1.1.2",0.0,0,0,3
eth,"1.1.3,2.2.1.2",0.0,0,0,1
eth,"1.1.3,3",0.0,0,0,1
eth,"1.1.3,4.1.1.1",0.0,0,0,1
eth,"1.1.3,4.5",0.0,0,1,0
eth,1.2.1,0.7272727272727273,2,7,266
eth,1.2.2,0.0,0,2,247
eth,"1.2.2,3.1.2",0.0,0,0,1
eth,2,0.0,0,1,0
eth,"2,4.3.2.1",0.0,0,0,1
eth,2.1,5.2631578947368425,1,1,17
eth,"2.2,3",0.0,0,0,1
eth,"2.2,4.3.2.1",0.0,0,0,1
eth,2.2.1,2.141057934508816,34,82,1472
eth,"2.2.1,1.2.2",0.0,0,0,1
eth,"2.2.1,3",0.0,0,1,1
eth,"2.2.1,4",0.0,0,1,2
eth,"2.2.1,4.1.1.1",0.0,0,0,1
eth,"2.2.1,4.1.1.3",0.0,0,0,1
eth,"2.2.1,4.3.2.1",0.0,0,0,1
eth,"2.2.1,4.3.4.2",0.0,0,0,1
eth,"2.2.1,4.8",0.0,0,0,2
eth,"2.2.1,6,BOV_AFRI",0.0,0,0,1
eth,"2.2.1,BOV_AFRI",0.0,0,0,1
eth,2.2.1.1,4.093567251461988,7,15,149
eth,2.2.1.2,0.0,0,0,24
eth,2.2.2,15.079365079365079,19,20,87
eth,3,0.07942811755361398,1,6,1252
eth,"3,4",0.0,0,0,1
eth,3.1.1,0.0,0,1,137
eth,3.1.2,0.0,0,1,75
eth,3.1.2.1,0.0,0,1,48
eth,3.1.2.2,0.0,0,0,17
eth,"3.1.2.2,1.1.1",0.0,0,0,1
eth,4,4.166666666666667,2,3,43
eth,4.1,1.6129032258064515,1,7,54
eth,"4.1,1.2.2",0.0,0,0,1
eth,"4.1,2.2.1,4.8",0.0,0,0,1
eth,4.1.1,2.2222222222222223,1,4,40
eth,4.1.1.1,1.1494252873563218,2,3,169
eth,"4.1.1.1,2.2",0.0,0,0,1
eth,4.1.1.2,0.0,0,0,46
eth,4.1.1.3,0.3508771929824561,1,2,282
eth,4.1.2,0.0,0,4,108
eth,"4.1.2,1.2.2",0.0,0,0,1
eth,"4.1.2,4.2.2",0.0,0,0,1
eth,4.1.2.1,0.6015037593984962,4,11,650
eth,"4.1.2.1,2.2.1",33.333333333333336,1,1,1
eth,"4.1.2.1,3",0.0,0,0,1
eth,"4.1.2.1,4.4.1",0.0,0,0,1
eth,"4.1.2.1,4.7",0.0,0,0,1
eth,4.2.1,0.0,0,0,161
eth,"4.2.1,4.7",0.0,0,0,1
eth,4.2.2,0.0,0,2,100
eth,4.2.2.1,3.7037037037037037,1,0,26
eth,4.3,0.0,0,0,4
eth,"4.3,2.2.1",0.0,0,0,1
eth,4.3.1,0.0,0,1,37
eth,4.3.2,0.0,0,2,76
eth,4.3.2.1,0.0,0,4,296
eth,"4.3.2.1,4.3.4",0.0,0,0,1
eth,4.3.3,3.0136986301369864,11,15,339
eth,"4.3.3,1.1.3",0.0,0,0,1
eth,"4.3.3,2.2.1",0.0,0,1,1
eth,"4.3.3,3.1.1",0.0,0,0,1
eth,"4.3.3,4.1.1",0.0,0,0,1
eth,"4.3.3,4.1.2",0.0,0,0,3
eth,"4.3.3,4.3.2.1",0.0,0,0,2
eth,4.3.4,0.0,0,0,2
eth,4.3.4.1,3.3333333333333335,2,3,55
eth,4.3.4.2,0.0,0,6,124
eth,"4.3.4.2,3.1.2.1",0.0,0,1,0
eth,4.3.4.2.1,0.0,0,2,125
eth,"4.3.4.2.1,1.1.2",0.0,0,0,1
eth,4.4,0.0,0,1,7
eth,4.4.1.1,0.7978723404255319,3,7,366
eth,"4.4.1.1,3",0.0,0,0,2
eth,"4.4.1.1,4.1.2",0.0,0,0,4
eth,"4.4.1.1,4.3.3",0.0,0,0,1
eth,"4.4.1.1,4.3.4.2.1",0.0,0,0,3
eth,"4.4.1.1,4.6.1.2",100.0,1,0,0
eth,4.4.1.2,0.0,0,0,90
eth,4.4.2,0.0,0,2,21
eth,4.5,1.1111111111111112,1,9,80
eth,"4.5,1.1.2",0.0,0,0,1
eth,"4.5,1.2.1",0.0,0,0,2
eth,4.6,0.0,0,0,9
eth,4.6.1.1,9.090909090909092,1,4,6
eth,4.6.1.2,10.526315789473685,2,4,13
eth,4.6.2,0.0,0,0,28
eth,4.6.2.1,0.0,0,0,8
eth,4.6.2.2,0.0,0,2,65
eth,4.7,0.0,0,0,66
eth,4.8,0.9259259259259259,5,13,522
eth,"4.8,4.1.1.3",0.0,0,1,1
eth,"4.8,4.3.4.1",0.0,0,0,2
eth,4.9,0.0,0,2,133
eth,5,0.0,0,0,15
eth,"5,6,BOV_AFRI",0.0,0,0,1
eth,6,0.0,0,0,2
eth,"6,BOV_AFRI",0.0,0,5,31
eth,BOV_AFRI,0.0,0,2,83
inh,1,33.333333333333336,1,1,1
inh,"1,2.2.1",100.0,1,0,0
inh,1.1,100.0,1,0,0
inh,1.1.1,33.333333333333336,12,21,3
inh,1.1.1.1,20.0,4,14,2
inh,1.1.2,19.852941176470587,54,211,7
inh,"1.1.2,1.2.2",0.0,0,1,0
inh,"1.1.2,3",50.0,1,1,0
inh,"1.1.2,4",66.66666666666667,4,2,0
inh,"1.1.2,4.3.2.1",0.0,0,1,0
inh,"1.1.2,4.4",0.0,0,1,0
inh,1.1.3,6.774193548387097,21,286,3
inh,"1.1.3,1.1.2",0.0,0,3,0
inh,"1.1.3,2.2.1.2",0.0,0,1,0
inh,"1.1.3,3",0.0,0,1,0
inh,"1.1.3,4.1.1.1",0.0,0,1,0
inh,"1.1.3,4.5",0.0,0,1,0
inh,1.2.1,15.272727272727273,42,206,27
inh,1.2.2,24.497991967871485,61,178,10
inh,"1.2.2,3.1.2",100.0,1,0,0
inh,2,0.0,0,1,0
inh,"2,4.3.2.1",0.0,0,1,0
inh,2.1,73.6842105263158,14,4,1
inh,"2.2,3",0.0,0,1,0
inh,"2.2,4.3.2.1",0.0,0,1,0
inh,2.2.1,34.886649874055415,554,924,110
inh,"2.2.1,1.2.2",0.0,0,1,0
inh,"2.2.1,3",50.0,1,1,0
inh,"2.2.1,4",33.333333333333336,1,1,1
inh,"2.2.1,4.1.1.1",0.0,0,1,0
inh,"2.2.1,4.1.1.3",0.0,0,1,0
inh,"2.2.1,4.3.2.1",0.0,0,1,0
inh,"2.2.1,4.3.4.2",0.0,0,1,0
inh,"2.2.1,4.8",50.0,1,1,0
inh,"2.2.1,6,BOV_AFRI",100.0,1,0,0
inh,"2.2.1,BOV_AFRI",0.0,0,0,1
inh,2.2.1.1,28.07017543859649,48,118,5
inh,2.2.1.2,50.0,12,12,0
inh,2.2.2,59.523809523809526,75,29,22
inh,3,31.850675138999204,401,844,14
inh,"3,4",100.0,1,0,0
inh,3.1.1,21.014492753623188,29,107,2
inh,3.1.2,27.63157894736842,21,51,4
inh,3.1.2.1,28.571428571428573,14,34,1
inh,3.1.2.2,0.0,0,17,0
inh,"3.1.2.2,1.1.1",0.0,0,1,0
inh,4,50.0,24,19,5
inh,4.1,48.38709677419355,30,30,2
inh,"4.1,1.2.2",100.0,1,0,0
inh,"4.1,2.2.1,4.8",0.0,0,1,0
inh,4.1.1,26.666666666666668,12,32,1
inh,4.1.1.1,16.091954022988507,28,118,28
inh,"4.1.1.1,2.2",100.0,1,0,0
inh,4.1.1.2,4.3478260869565215,2,44,0
inh,4.1.1.3,20.0,57,212,16
inh,4.1.2,9.821428571428571,11,97,4
inh,"4.1.2,1.2.2",0.0,0,1,0
inh,"4.1.2,4.2.2",0.0,0,1,0
inh,4.1.2.1,17.142857142857142,114,514,37
inh,"4.1.2.1,2.2.1",66.66666666666667,2,1,0
inh,"4.1.2.1,3",0.0,0,1,0
inh,"4.1.2.1,4.4.1",0.0,0,1,0
inh,"4.1.2.1,4.7",0.0,0,1,0
inh,4.2.1,19.875776397515526,32,121,8
inh,"4.2.1,4.7",100.0,1,0,0
inh,4.2.2,52.94117647058823,54,47,1
inh,4.2.2.1,66.66666666666667,18,8,1
inh,4.3,0.0,0,4,0
inh,"4.3,2.2.1",100.0,1,0,0
inh,4.3.1,10.526315789473685,4,30,4
inh,4.3.2,24.358974358974358,19,56,3
inh,4.3.2.1,10.666666666666666,32,265,3
inh,"4.3.2.1,4.3.4",0.0,0,1,0
inh,4.3.3,47.397260273972606,173,170,22
inh,"4.3.3,1.1.3",0.0,0,1,0
inh,"4.3.3,2.2.1",50.0,1,1,0
inh,"4.3.3,3.1.1",100.0,1,0,0
inh,"4.3.3,4.1.1",0.0,0,1,0
inh,"4.3.3,4.1.2",0.0,0,3,0
inh,"4.3.3,4.3.2.1",100.0,2,0,0
inh,4.3.4,50.0,1,1,0
inh,4.3.4.1,23.333333333333332,14,45,1
inh,4.3.4.2,40.0,52,73,5
inh,"4.3.4.2,3.1.2.1",100.0,1,0,0
inh,4.3.4.2.1,12.598425196850394,16,111,0
inh,"4.3.4.2.1,1.1.2",0.0,0,1,0
inh,4.4,12.5,1,7,0
inh,4.4.1.1,27.393617021276597,103,261,12
inh,"4.4.1.1,3",0.0,0,2,0
inh,"4.4.1.1,4.1.2",0.0,0,4,0
inh,"4.4.1.1,4.3.3",0.0,0,1,0
inh,"4.4.1.1,4.3.4.2.1",66.66666666666667,2,1,0
inh,"4.4.1.1,4.6.1.2",100.0,1,0,0
inh,4.4.1.2,0.0,0,85,5
inh,4.4.2,17.391304347826086,4,18,1
inh,4.5,31.11111111111111,28,57,5
inh,"4.5,1.1.2",100.0,1,0,0
inh,"4.5,1.2.1",0.0,0,2,0
inh,4.6,0.0,0,8,1
inh,4.6.1.1,9.090909090909092,1,9,1
inh,4.6.1.2,63.1578947368421,12,7,0
inh,4.6.2,10.714285714285714,3,25,0
inh,4.6.2.1,12.5,1,7,0
inh,4.6.2.2,25.37313432835821,17,45,5
inh,4.7,13.636363636363637,9,52,5
inh,4.8,19.814814814814813,107,410,23
inh,"4.8,4.1.1.3",100.0,2,0,0
inh,"4.8,4.3.4.1",0.0,0,2,0
inh,4.9,27.40740740740741,37,95,3
inh,5,13.333333333333334,2,11,2
inh,"5,6,BOV_AFRI",0.0,0,1,0
inh,6,0.0,0,1,1
inh,"6,BOV_AFRI",13.88888888888889,5,27,4
inh,BOV_AFRI,3.5294117647058822,3,75,7
kan,1,0.0,0,1,2
kan,"1,2.2.1",0.0,0,0,1
kan,1.1,0.0,0,0,1
kan,1.1.1,0.0,0,2,34
kan,1.1.1.1,0.0,0,2,18
kan,1.1.2,0.0,0,24,248
kan,"1.1.2,1.2.2",0.0,0,0,1
kan,"1.1.2,3",0.0,0,2,0
kan,"1.1.2,4",0.0,0,4,2
kan,"1.1.2,4.3.2.1",0.0,0,1,0
kan,"1.1.2,4.4",0.0,0,0,1
kan,1.1.3,0.0,0,17,293
kan,"1.1.3,1.1.2",0.0,0,0,3
kan,"1.1.3,2.2.1.2",0.0,0,0,1
kan,"1.1.3,3",0.0,0,0,1
kan,"1.1.3,4.1.1.1",0.0,0,0,1
kan,"1.1.3,4.5",0.0,0,0,1
kan,1.2.1,0.0,0,6,269
kan,1.2.2,0.0,0,30,219
kan,"1.2.2,3.1.2",0.0,0,0,1
kan,2,0.0,0,1,0
kan,"2,4.3.2.1",0.0,0,1,0
kan,2.1,0.0,0,1,18
kan,"2.2,3",0.0,0,0,1
kan,"2.2,4.3.2.1",0.0,0,1,0
kan,2.2.1,2.8337531486146097,45,438,1105
kan,"2.2.1,1.2.2",0.0,0,1,0
kan,"2.2.1,3",0.0,0,1,1
kan,"2.2.1,4",0.0,0,1,2
kan,"2.2.1,4.1.1.1",0.0,0,0,1
kan,"2.2.1,4.1.1.3",0.0,0,0,1
kan,"2.2.1,4.3.2.1",0.0,0,1,0
kan,"2.2.1,4.3.4.2",0.0,0,0,1
kan,"2.2.1,4.8",0.0,0,0,2
kan,"2.2.1,6,BOV_AFRI",0.0,0,0,1
kan,"2.2.1,BOV_AFRI",0.0,0,0,1
kan,2.2.1.1,0.0,0,53,118
kan,2.2.1.2,0.0,0,2,22
kan,2.2.2,14.285714285714286,18,18,90
kan,3,0.23828435266084194,3,157,1099
kan,"3,4",0.0,0,0,1
kan,3.1.1,0.0,0,28,110
kan,3.1.2,0.0,0,6,70
kan,3.1.2.1,0.0,0,4,45
kan,3.1.2.2,0.0,0,0,17
kan,"3.1.2.2,1.1.1",0.0,0,0,1
kan,4,2.0833333333333335,1,8,39
kan,4.1,0.0,0,12,50
kan,"4.1,1.2.2",0.0,0,1,0
kan,"4.1,2.2.1,4.8",0.0,0,1,0
kan,4.1.1,0.0,0,14,31
kan,4.1.1.1,0.5747126436781609,1,37,136
kan,"4.1.1.1,2.2",0.0,0,1,0
kan,4.1.1.2,0.0,0,7,39
kan,4.1.1.3,1.4035087719298245,4,87,194
kan,4.1.2,0.8928571428571429,1,35,76
kan,"4.1.2,1.2.2",0.0,0,1,0
kan,"4.1.2,4.2.2",0.0,0,1,0
kan,4.1.2.1,0.3007518796992481,2,77,586
kan,"4.1.2.1,2.2.1",66.66666666666667,2,0,1
kan,"4.1.2.1,3",0.0,0,0,1
kan,"4.1.2.1,4.4.1",0.0,0,0,1
kan,"4.1.2.1,4.7",0.0,0,0,1
kan,4.2.1,0.0,0,2,159
kan,"4.2.1,4.7",0.0,0,0,1
kan,4.2.2,0.9803921568627451,1,5,96
kan,4.2.2.1,0.0,0,1,26
kan,4.3,0.0,0,0,4
kan,"4.3,2.2.1",0.0,0,0,1
kan,4.3.1,2.6315789473684212,1,1,36
kan,4.3.2,0.0,0,14,64
kan,4.3.2.1,0.0,0,193,107
kan,"4.3.2.1,4.3.4",0.0,0,1,0
kan,4.3.3,5.205479452054795,19,102,244
kan,"4.3.3,1.1.3",0.0,0,0,1
kan,"4.3.3,2.2.1",50.0,1,0,1
kan,"4.3.3,3.1.1",0.0,0,0,1
kan,"4.3.3,4.1.1",0.0,0,1,0
kan,"4.3.3,4.1.2",0.0,0,1,2
kan,"4.3.3,4.3.2.1",50.0,1,0,1
kan,4.3.4,0.0,0,0,2
kan,4.3.4.1,0.0,0,11,49
kan,4.3.4.2,0.7692307692307693,1,14,115
kan,"4.3.4.2,3.1.2.1",0.0,0,1,0
kan,4.3.4.2.1,3.1496062992125986,4,55,68
kan,"4.3.4.2.1,1.1.2",0.0,0,0,1
kan,4.4,0.0,0,1,7
kan,4.4.1.1,0.5319148936170213,2,155,219
kan,"4.4.1.1,3",0.0,0,2,0
kan,"4.4.1.1,4.1.2",0.0,0,2,2
kan,"4.4.1.1,4.3.3",0.0,0,1,0
kan,"4.4.1.1,4.3.4.2.1",0.0,0,1,2
kan,"4.4.1.1,4.6.1.2",0.0,0,1,0
kan,4.4.1.2,0.0,0,0,90
kan,4.4.2,0.0,0,5,18
kan,4.5,0.0,0,6,84
kan,"4.5,1.1.2",0.0,0,0,1
kan,"4.5,1.2.1",0.0,0,0,2
kan,4.6,0.0,0,0,9
kan,4.6.1.1,0.0,0,6,5
kan,4.6.1.2,0.0,0,7,12
kan,4.6.2,0.0,0,2,26
kan,4.6.2.1,0.0,0,0,8
kan,4.6.2.2,0.0,0,2,65
kan,4.7,0.0,0,9,57
kan,4.8,0.7407407407407407,4,108,428
kan,"4.8,4.1.1.3",0.0,0,2,0
kan,"4.8,4.3.4.1",0.0,0,0,2
kan,4.9,0.0,0,38,97
kan,5,0.0,0,0,15
kan,"5,6,BOV_AFRI",0.0,0,0,1
kan,6,0.0,0,0,2
kan,"6,BOV_AFRI",0.0,0,5,31
kan,BOV_AFRI,0.0,0,2,83
levo,1,0.0,0,0,3
levo,"1,2.2.1",0.0,0,0,1
levo,1.1,0.0,0,0,1
levo,1.1.1,0.0,0,2,34
levo,1.1.1.1,0.0,0,2,18
levo,1.1.2,0.0,0,1,271
levo,"1.1.2,1.2.2",0.0,0,0,1
levo,"1.1.2,3",0.0,0,0,2
levo,"1.1.2,4",0.0,0,0,6
levo,"1.1.2,4.3.2.1",0.0,0,0,1
levo,"1.1.2,4.4",0.0,0,0,1
levo,1.1.3,1.6129032258064515,5,2,303
levo,"1.1.3,1.1.2",0.0,0,0,3
levo,"1.1.3,2.2.1.2",0.0,0,0,1
levo,"1.1.3,3",0.0,0,0,1
levo,"1.1.3,4.1.1.1",0.0,0,0,1
levo,"1.1.3,4.5",0.0,0,0,1
levo,1.2.1,0.0,0,0,275
levo,1.2.2,0.8032128514056225,2,0,247
levo,"1.2.2,3.1.2",0.0,0,0,1
levo,2,0.0,0,0,1
levo,"2,4.3.2.1",0.0,0,0,1
levo,2.1,0.0,0,1,18
levo,"2.2,3",0.0,0,0,1
levo,"2.2,4.3.2.1",0.0,0,0,1
levo,2.2.1,1.1964735516372795,19,85,1484
levo,"2.2.1,1.2.2",0.0,0,0,1
levo,"2.2.1,3",0.0,0,0,2
levo,"2.2.1,4",0.0,0,1,2
levo,"2.2.1,4.1.1.1",0.0,0,0,1
levo,"2.2.1,4.1.1.3",0.0,0,0,1
levo,"2.2.1,4.3.2.1",0.0,0,0,1
levo,"2.2.1,4.3.4.2",0.0,0,0,1
levo,"2.2.1,4.8",0.0,0,0,2
levo,"2.2.1,6,BOV_AFRI",0.0,0,0,1
levo,"2.2.1,BOV_AFRI",0.0,0,0,1
levo,2.2.1.1,0.0,0,16,155
levo,2.2.1.2,0.0,0,0,24
levo,2.2.2,1.5873015873015872,2,2,122
levo,3,1.3502779984114377,17,8,1234
levo,"3,4",0.0,0,0,1
levo,3.1.1,0.0,0,0,138
levo,3.1.2,1.3157894736842106,1,0,75
levo,3.1.2.1,2.0408163265306123,1,0,48
levo,3.1.2.2,0.0,0,0,17
levo,"3.1.2.2,1.1.1",0.0,0,0,1
levo,4,0.0,0,0,48
levo,4.1,0.0,0,0,62
levo,"4.1,1.2.2",0.0,0,0,1
levo,"4.1,2.2.1,4.8",0.0,0,0,1
levo,4.1.1,0.0,0,3,42
levo,4.1.1.1,1.1494252873563218,2,0,172
levo,"4.1.1.1,2.2",0.0,0,0,1
levo,4.1.1.2,0.0,0,0,46
levo,4.1.1.3,0.3508771929824561,1,0,284
levo,4.1.2,0.0,0,1,111
levo,"4.1.2,1.2.2",0.0,0,0,1
levo,"4.1.2,4.2.2",0.0,0,0,1
levo,4.1.2.1,0.45112781954887216,3,6,656
levo,"4.1.2.1,2.2.1",0.0,0,0,3
levo,"4.1.2.1,3",0.0,0,0,1
levo,"4.1.2.1,4.4.1",0.0,0,0,1
levo,"4.1.2.1,4.7",0.0,0,0,1
levo,4.2.1,0.0,0,1,160
levo,"4.2.1,4.7",0.0,0,0,1
levo,4.2.2,0.9803921568627451,1,1,100
levo,4.2.2.1,0.0,0,0,27
levo,4.3,0.0,0,0,4
levo,"4.3,2.2.1",0.0,0,0,1
levo,4.3.1,0.0,0,0,38
levo,4.3.2,0.0,0,1,77
levo,4.3.2.1,0.0,0,0,300
levo,"4.3.2.1,4.3.4",0.0,0,0,1
levo,4.3.3,0.273972602739726,1,15,349
levo,"4.3.3,1.1.3",0.0,0,0,1
levo,"4.3.3,2.2.1",0.0,0,0,2
levo,"4.3.3,3.1.1",0.0,0,0,1
levo,"4.3.3,4.1.1",0.0,0,0,1
levo,"4.3.3,4.1.2",0.0,0,0,3
levo,"4.3.3,4.3.2.1",0.0,0,0,2
levo,4.3.4,0.0,0,0,2
levo,4.3.4.1,0.0,0,3,57
levo,4.3.4.2,3.076923076923077,4,4,122
levo,"4.3.4.2,3.1.2.1",0.0,0,0,1
levo,4.3.4.2.1,0.0,0,0,127
levo,"4.3.4.2.1,1.1.2",0.0,0,0,1
levo,4.4,0.0,0,0,8
levo,4.4.1.1,0.0,0,1,375
levo,"4.4.1.1,3",0.0,0,0,2
levo,"4.4.1.1,4.1.2",0.0,0,0,4
levo,"4.4.1.1,4.3.3",0.0,0,0,1
levo,"4.4.1.1,4.3.4.2.1",0.0,0,0,3
levo,"4.4.1.1,4.6.1.2",0.0,0,0,1
levo,4.4.1.2,0.0,0,0,90
levo,4.4.2,0.0,0,1,22
levo,4.5,0.0,0,1,89
levo,"4.5,1.1.2",0.0,0,0,1
levo,"4.5,1.2.1",0.0,0,0,2
levo,4.6,0.0,0,0,9
levo,4.6.1.1,0.0,0,0,11
levo,4.6.1.2,0.0,0,0,19
levo,4.6.2,0.0,0,1,27
levo,4.6.2.1,0.0,0,0,8
levo,4.6.2.2,0.0,0,0,67
levo,4.7,0.0,0,0,66
levo,4.8,0.37037037037037035,2,5,533
levo,"4.8,4.1.1.3",0.0,0,0,2
levo,"4.8,4.3.4.1",0.0,0,0,2
levo,4.9,0.7407407407407407,1,0,134
levo,5,0.0,0,0,15
levo,"5,6,BOV_AFRI",0.0,0,0,1
levo,6,0.0,0,0,2
levo,"6,BOV_AFRI",0.0,0,0,36
levo,BOV_AFRI,0.0,0,0,85
oflx,1,0.0,0,1,2
oflx,"1,2.2.1",0.0,0,0,1
oflx,1.1,0.0,0,0,1
oflx,1.1.1,0.0,0,2,34
oflx,1.1.1.1,0.0,0,2,18
oflx,1.1.2,0.36764705882352944,1,37,234
oflx,"1.1.2,1.2.2",0.0,0,1,0
oflx,"1.1.2,3",0.0,0,2,0
oflx,"1.1.2,4",0.0,0,2,4
oflx,"1.1.2,4.3.2.1",0.0,0,1,0
oflx,"1.1.2,4.4",0.0,0,0,1
oflx,1.1.3,3.225806451612903,10,227,73
oflx,"1.1.3,1.1.2",0.0,0,1,2
oflx,"1.1.3,2.2.1.2",0.0,0,1,0
oflx,"1.1.3,3",0.0,0,1,0
oflx,"1.1.3,4.1.1.1",0.0,0,1,0
oflx,"1.1.3,4.5",0.0,0,1,0
oflx,1.2.1,0.0,0,10,265
oflx,1.2.2,2.0080321285140563,5,86,158
oflx,"1.2.2,3.1.2",0.0,0,0,1
oflx,2,0.0,0,1,0
oflx,"2,4.3.2.1",0.0,0,1,0
oflx,2.1,5.2631578947368425,1,1,17
oflx,"2.2,3",0.0,0,0,1
oflx,"2.2,4.3.2.1",0.0,0,1,0
oflx,2.2.1,3.1486146095717884,50,494,1044
oflx,"2.2.1,1.2.2",0.0,0,1,0
oflx,"2.2.1,3",0.0,0,1,1
oflx,"2.2.1,4",0.0,0,1,2
oflx,"2.2.1,4.1.1.1",0.0,0,0,1
oflx,"2.2.1,4.1.1.3",0.0,0,0,1
oflx,"2.2.1,4.3.2.1",0.0,0,1,0
oflx,"2.2.1,4.3.4.2",0.0,0,1,0
oflx,"2.2.1,4.8",0.0,0,0,2
oflx,"2.2.1,6,BOV_AFRI",0.0,0,0,1
oflx,"2.2.1,BOV_AFRI",0.0,0,0,1
oflx,2.2.1.1,2.9239766081871346,5,61,105
oflx,2.2.1.2,0.0,0,6,18
oflx,2.2.2,13.492063492063492,17,30,79
oflx,3,2.0651310563939633,26,196,1037
oflx,"3,4",0.0,0,0,1
oflx,3.1.1,0.0,0,26,112
oflx,3.1.2,1.3157894736842106,1,8,67
oflx,3.1.2.1,2.0408163265306123,1,10,38
oflx,3.1.2.2,0.0,0,0,17
oflx,"3.1.2.2,1.1.1",0.0,0,1,0
oflx,4,2.0833333333333335,1,8,39
oflx,4.1,0.0,0,10,52
oflx,"4.1,1.2.2",0.0,0,1,0
oflx,"4.1,2.2.1,4.8",0.0,0,1,0
oflx,4.1.1,2.2222222222222223,1,12,32
oflx,4.1.1.1,2.8735632183908044,5,41,128
oflx,"4.1.1.1,2.2",0.0,0,0,1
oflx,4.1.1.2,2.1739130434782608,1,5,40
oflx,4.1.1.3,2.1052631578947367,6,89,190
oflx,4.1.2,0.0,0,38,74
oflx,"4.1.2,1.2.2",0.0,0,1,0
oflx,"4.1.2,4.2.2",0.0,0,1,0
oflx,4.1.2.1,0.9022556390977443,6,98,561
oflx,"4.1.2.1,2.2.1",66.66666666666667,2,0,1
oflx,"4.1.2.1,3",0.0,0,0,1
oflx,"4.1.2.1,4.4.1",0.0,0,0,1
oflx,"4.1.2.1,4.7",0.0,0,0,1
oflx,4.2.1,0.0,0,2,159
oflx,"4.2.1,4.7",0.0,0,0,1
oflx,4.2.2,1.9607843137254901,2,13,87
oflx,4.2.2.1,0.0,0,1,26
oflx,4.3,0.0,0,0,4
oflx,"4.3,2.2.1",0.0,0,0,1
oflx,4.3.1,0.0,0,2,36
oflx,4.3.2,0.0,0,17,61
oflx,4.3.2.1,0.3333333333333333,1,186,113
oflx,"4.3.2.1,4.3.4",0.0,0,1,0
oflx,4.3.3,6.8493150684931505,25,99,241
oflx,"4.3.3,1.1.3",0.0,0,0,1
oflx,"4.3.3,2.2.1",0.0,0,0,2
oflx,"4.3.3,3.1.1",0.0,0,0,1
oflx,"4.3.3,4.1.1",0.0,0,1,0
oflx,"4.3.3,4.1.2",0.0,0,1,2
oflx,"4.3.3,4.3.2.1",50.0,1,0,1
oflx,4.3.4,0.0,0,0,2
oflx,4.3.4.1,1.6666666666666667,1,10,49
oflx,4.3.4.2,3.076923076923077,4,34,92
oflx,"4.3.4.2,3.1.2.1",0.0,0,1,0
oflx,4.3.4.2.1,0.0,0,59,68
oflx,"4.3.4.2.1,1.1.2",0.0,0,0,1
oflx,4.4,0.0,0,2,6
oflx,4.4.1.1,2.393617021276596,9,141,226
oflx,"4.4.1.1,3",0.0,0,2,0
oflx,"4.4.1.1,4.1.2",0.0,0,2,2
oflx,"4.4.1.1,4.3.3",0.0,0,1,0
oflx,"4.4.1.1,4.3.4.2.1",0.0,0,1,2
oflx,"4.4.1.1,4.6.1.2",0.0,0,1,0
oflx,4.4.1.2,0.0,0,1,89
oflx,4.4.2,4.3478260869565215,1,5,17
oflx,4.5,6.666666666666667,6,9,75
oflx,"4.5,1.1.2",0.0,0,0,1
oflx,"4.5,1.2.1",0.0,0,0,2
oflx,4.6,0.0,0,0,9
oflx,4.6.1.1,0.0,0,6,5
oflx,4.6.1.2,0.0,0,8,11
oflx,4.6.2,3.5714285714285716,1,1,26
oflx,4.6.2.1,0.0,0,2,6
oflx,4.6.2.2,0.0,0,2,65
oflx,4.7,0.0,0,9,57
oflx,4.8,0.5555555555555556,3,128,409
oflx,"4.8,4.1.1.3",0.0,0,1,1
oflx,"4.8,4.3.4.1",0.0,0,2,0
oflx,4.9,0.7407407407407407,1,40,94
oflx,5,0.0,0,0,15
oflx,"5,6,BOV_AFRI",0.0,0,0,1
oflx,6,0.0,0,0,2
oflx,"6,BOV_AFRI",0.0,0,3,33
oflx,BOV_AFRI,0.0,0,4,81
pas,1,0.0,0,1,2
pas,"1,2.2.1",0.0,0,0,1
pas,1.1,0.0,0,0,1
pas,1.1.1,0.0,0,0,36
pas,1.1.1.1,0.0,0,0,20
pas,1.1.2,0.0,0,1,271
pas,"1.1.2,1.2.2",0.0,0,0,1
pas,"1.1.2,3",0.0,0,0,2
pas,"1.1.2,4",0.0,0,0,6
pas,"1.1.2,4.3.2.1",0.0,0,0,1
pas,"1.1.2,4.4",0.0,0,0,1
pas,1.1.3,0.0,0,1,309
pas,"1.1.3,1.1.2",0.0,0,0,3
pas,"1.1.3,2.2.1.2",0.0,0,0,1
pas,"1.1.3,3",0.0,0,0,1
pas,"1.1.3,4.1.1.1",0.0,0,0,1
pas,"1.1.3,4.5",0.0,0,1,0
pas,1.2.1,0.0,0,9,266
pas,1.2.2,0.0,0,1,248
pas,"1.2.2,3.1.2",0.0,0,0,1
pas,2,0.0,0,1,0
pas,"2,4.3.2.1",0.0,0,0,1
pas,2.1,0.0,0,1,18
pas,"2.2,3",0.0,0,0,1
pas,"2.2,4.3.2.1",0.0,0,0,1
pas,2.2.1,0.3778337531486146,6,44,1538
pas,"2.2.1,1.2.2",0.0,0,0,1
pas,"2.2.1,3",0.0,0,1,1
pas,"2.2.1,4",0.0,0,0,3
pas,"2.2.1,4.1.1.1",0.0,0,0,1
pas,"2.2.1,4.1.1.3",0.0,0,0,1
pas,"2.2.1,4.3.2.1",0.0,0,0,1
pas,"2.2.1,4.3.4.2",0.0,0,0,1
pas,"2.2.1,4.8",0.0,0,0,2
pas,"2.2.1,6,BOV_AFRI",0.0,0,0,1
pas,"2.2.1,BOV_AFRI",0.0,0,0,1
pas,2.2.1.1,0.0,0,5,166
pas,2.2.1.2,0.0,0,0,24
pas,2.2.2,12.698412698412698,16,11,99
pas,3,0.0,0,7,1252
pas,"3,4",0.0,0,0,1
pas,3.1.1,0.0,0,1,137
pas,3.1.2,0.0,0,1,75
pas,3.1.2.1,0.0,0,1,48
pas,3.1.2.2,0.0,0,0,17
pas,"3.1.2.2,1.1.1",0.0,0,0,1
pas,4,0.0,0,5,43
pas,4.1,0.0,0,8,54
pas,"4.1,1.2.2",0.0,0,0,1
pas,"4.1,2.2.1,4.8",0.0,0,0,1
pas,4.1.1,0.0,0,2,43
pas,4.1.1.1,0.0,0,5,169
pas,"4.1.1.1,2.2",0.0,0,0,1
pas,4.1.1.2,0.0,0,0,46
pas,4.1.1.3,0.0,0,3,282
pas,4.1.2,0.0,0,3,109
pas,"4.1.2,1.2.2",0.0,0,0,1
pas,"4.1.2,4.2.2",0.0,0,0,1
pas,4.1.2.1,0.0,0,10,655
pas,"4.1.2.1,2.2.1",0.0,0,1,2
pas,"4.1.2.1,3",0.0,0,0,1
pas,"4.1.2.1,4.4.1",0.0,0,0,1
pas,"4.1.2.1,4.7",0.0,0,0,1
pas,4.2.1,0.0,0,0,161
pas,"4.2.1,4.7",0.0,0,0,1
pas,4.2.2,0.0,0,1,101
pas,4.2.2.1,0.0,0,1,26
pas,4.3,0.0,0,0,4
pas,"4.3,2.2.1",0.0,0,0,1
pas,4.3.1,0.0,0,0,38
pas,4.3.2,0.0,0,0,78
pas,4.3.2.1,0.0,0,0,300
pas,"4.3.2.1,4.3.4",0.0,0,0,1
pas,4.3.3,0.0,0,7,358
pas,"4.3.3,1.1.3",0.0,0,0,1
pas,"4.3.3,2.2.1",0.0,0,1,1
pas,"4.3.3,3.1.1",0.0,0,0,1
pas,"4.3.3,4.1.1",0.0,0,0,1
pas,"4.3.3,4.1.2",0.0,0,0,3
pas,"4.3.3,4.3.2.1",0.0,0,0,2
pas,4.3.4,0.0,0,0,2
pas,4.3.4.1,0.0,0,2,58
pas,4.3.4.2,0.0,0,2,128
pas,"4.3.4.2,3.1.2.1",0.0,0,1,0
pas,4.3.4.2.1,0.7874015748031497,1,0,126
pas,"4.3.4.2.1,1.1.2",0.0,0,0,1
pas,4.4,0.0,0,0,8
pas,4.4.1.1,0.0,0,6,370
pas,"4.4.1.1,3",0.0,0,0,2
pas,"4.4.1.1,4.1.2",0.0,0,0,4
pas,"4.4.1.1,4.3.3",0.0,0,0,1
pas,"4.4.1.1,4.3.4.2.1",0.0,0,0,3
pas,"4.4.1.1,4.6.1.2",0.0,0,1,0
pas,4.4.1.2,0.0,0,0,90
pas,4.4.2,0.0,0,1,22
pas,4.5,2.2222222222222223,2,7,81
pas,"4.5,1.1.2",0.0,0,0,1
pas,"4.5,1.2.1",0.0,0,0,2
pas,4.6,0.0,0,0,9
pas,4.6.1.1,0.0,0,5,6
pas,4.6.1.2,0.0,0,6,13
pas,4.6.2,0.0,0,0,28
pas,4.6.2.1,0.0,0,0,8
pas,4.6.2.2,0.0,0,2,65
pas,4.7,0.0,0,0,66
pas,4.8,0.0,0,12,528
pas,"4.8,4.1.1.3",0.0,0,0,2
pas,"4.8,4.3.4.1",0.0,0,0,2
pas,4.9,0.0,0,2,133
pas,5,0.0,0,0,15
pas,"5,6,BOV_AFRI",0.0,0,0,1
pas,6,0.0,0,0,2
pas,"6,BOV_AFRI",0.0,0,5,31
pas,BOV_AFRI,0.0,0,2,83
pza,1,0.0,0,3,0
pza,"1,2.2.1",0.0,0,0,1
pza,1.1,0.0,0,0,1
pza,1.1.1,8.333333333333334,3,14,19
pza,1.1.1.1,10.0,2,8,10
pza,1.1.2,6.617647058823529,18,106,148
pza,"1.1.2,1.2.2",0.0,0,0,1
pza,"1.1.2,3",0.0,0,0,2
pza,"1.1.2,4",50.0,3,1,2
pza,"1.1.2,4.3.2.1",0.0,0,0,1
pza,"1.1.2,4.4",0.0,0,1,0
pza,1.1.3,1.6129032258064515,5,59,246
pza,"1.1.3,1.1.2",0.0,0,0,3
pza,"1.1.3,2.2.1.2",0.0,0,0,1
pza,"1.1.3,3",0.0,0,0,1
pza,"1.1.3,4.1.1.1",0.0,0,0,1
pza,"1.1.3,4.5",0.0,0,0,1
pza,1.2.1,1.0909090909090908,3,114,158
pza,1.2.2,10.040160642570282,25,86,138
pza,"1.2.2,3.1.2",0.0,0,0,1
pza,2,0.0,0,0,1
pza,"2,4.3.2.1",0.0,0,1,0
pza,2.1,5.2631578947368425,1,4,14
pza,"2.2,3",0.0,0,1,0
pza,"2.2,4.3.2.1",0.0,0,0,1
pza,2.2.1,13.727959697732997,218,740,630
pza,"2.2.1,1.2.2",0.0,0,0,1
pza,"2.2.1,3",0.0,0,1,1
pza,"2.2.1,4",33.333333333333336,1,1,1
pza,"2.2.1,4.1.1.1",0.0,0,1,0
pza,"2.2.1,4.1.1.3",0.0,0,1,0
pza,"2.2.1,4.3.2.1",0.0,0,0,1
pza,"2.2.1,4.3.4.2",0.0,0,0,1
pza,"2.2.1,4.8",0.0,0,1,1
pza,"2.2.1,6,BOV_AFRI",0.0,0,1,0
pza,"2.2.1,BOV_AFRI",0.0,0,1,0
pza,2.2.1.1,13.450292397660819,23,88,60
pza,2.2.1.2,20.833333333333332,5,10,9
pza,2.2.2,11.11111111111111,14,15,97
pza,3,8.57823669579031,108,873,278
pza,"3,4",100.0,1,0,0
pza,3.1.1,1.4492753623188406,2,106,30
pza,3.1.2,2.6315789473684212,2,58,16
pza,3.1.2.1,6.122448979591836,3,28,18
pza,3.1.2.2,0.0,0,17,0
pza,"3.1.2.2,1.1.1",0.0,0,0,1
pza,4,27.083333333333332,13,19,16
pza,4.1,4.838709677419355,3,30,29
pza,"4.1,1.2.2",0.0,0,1,0
pza,"4.1,2.2.1,4.8",0.0,0,0,1
pza,4.1.1,17.77777777777778,8,22,15
pza,4.1.1.1,5.747126436781609,10,120,44
pza,"4.1.1.1,2.2",0.0,0,0,1
pza,4.1.1.2,0.0,0,17,29
pza,4.1.1.3,7.017543859649122,20,184,81
pza,4.1.2,1.7857142857142858,2,90,20
pza,"4.1.2,1.2.2",0.0,0,0,1
pza,"4.1.2,4.2.2",0.0,0,1,0
pza,4.1.2.1,6.165413533834586,41,420,204
pza,"4.1.2.1,2.2.1",33.333333333333336,1,1,1
pza,"4.1.2.1,3",0.0,0,0,1
pza,"4.1.2.1,4.4.1",0.0,0,1,0
pza,"4.1.2.1,4.7",0.0,0,1,0
pza,4.2.1,7.453416149068323,12,50,99
pza,"4.2.1,4.7",0.0,0,1,0
pza,4.2.2,13.72549019607843,14,53,35
pza,4.2.2.1,18.51851851851852,5,18,4
pza,4.3,0.0,0,4,0
pza,"4.3,2.2.1",100.0,1,0,0
pza,4.3.1,2.6315789473684212,1,28,9
pza,4.3.2,6.410256410256411,5,57,16
pza,4.3.2.1,3.3333333333333335,10,251,39
pza,"4.3.2.1,4.3.4",0.0,0,1,0
pza,4.3.3,15.89041095890411,58,165,142
pza,"4.3.3,1.1.3",0.0,0,0,1
pza,"4.3.3,2.2.1",50.0,1,0,1
pza,"4.3.3,3.1.1",0.0,0,0,1
pza,"4.3.3,4.1.1",0.0,0,1,0
pza,"4.3.3,4.1.2",0.0,0,2,1
pza,"4.3.3,4.3.2.1",100.0,2,0,0
pza,4.3.4,0.0,0,1,1
pza,4.3.4.1,8.333333333333334,5,45,10
pza,4.3.4.2,14.615384615384615,19,62,49
pza,"4.3.4.2,3.1.2.1",0.0,0,0,1
pza,4.3.4.2.1,3.1496062992125986,4,104,19
pza,"4.3.4.2.1,1.1.2",0.0,0,1,0
pza,4.4,12.5,1,5,2
pza,4.4.1.1,12.5,47,217,112
pza,"4.4.1.1,3",0.0,0,2,0
pza,"4.4.1.1,4.1.2",0.0,0,4,0
pza,"4.4.1.1,4.3.3",0.0,0,1,0
pza,"4.4.1.1,4.3.4.2.1",0.0,0,1,2
pza,"4.4.1.1,4.6.1.2",0.0,0,0,1
pza,4.4.1.2,0.0,0,12,78
pza,4.4.2,4.3478260869565215,1,15,7
pza,4.5,4.444444444444445,4,58,28
pza,"4.5,1.1.2",0.0,0,1,0
pza,"4.5,1.2.1",0.0,0,0,2
pza,4.6,0.0,0,7,2
pza,4.6.1.1,0.0,0,7,4
pza,4.6.1.2,5.2631578947368425,1,6,12
pza,4.6.2,3.5714285714285716,1,25,2
pza,4.6.2.1,0.0,0,6,2
pza,4.6.2.2,1.492537313432836,1,57,9
pza,4.7,1.5151515151515151,1,44,21
pza,4.8,6.851851851851852,37,384,119
pza,"4.8,4.1.1.3",0.0,0,0,2
pza,"4.8,4.3.4.1",0.0,0,0,2
pza,4.9,14.074074074074074,19,82,34
pza,5,6.666666666666667,1,9,5
pza,"5,6,BOV_AFRI",0.0,0,0,1
pza,6,0.0,0,0,2
pza,"6,BOV_AFRI",2.7777777777777777,1,9,26
pza,BOV_AFRI,62.35294117647059,53,23,9
rif,1,0.0,0,3,0
rif,"1,2.2.1",100.0,1,0,0
rif,1.1,100.0,1,0,0
rif,1.1.1,22.22222222222222,8,28,0
rif,1.1.1.1,20.0,4,16,0
rif,1.1.2,11.764705882352942,32,238,2
rif,"1.1.2,1.2.2",0.0,0,1,0
rif,"1.1.2,3",50.0,1,1,0
rif,"1.1.2,4",50.0,3,3,0
rif,"1.1.2,4.3.2.1",0.0,0,1,0
rif,"1.1.2,4.4",0.0,0,1,0
rif,1.1.3,4.838709677419355,15,295,0
rif,"1.1.3,1.1.2",0.0,0,3,0
rif,"1.1.3,2.2.1.2",0.0,0,1,0
rif,"1.1.3,3",0.0,0,1,0
rif,"1.1.3,4.1.1.1",0.0,0,1,0
rif,"1.1.3,4.5",0.0,0,1,0
rif,1.2.1,7.2727272727272725,20,253,2
rif,1.2.2,18.072289156626507,45,203,1
rif,"1.2.2,3.1.2",0.0,0,1,0
rif,2,0.0,0,1,0
rif,"2,4.3.2.1",0.0,0,1,0
rif,2.1,73.6842105263158,14,5,0
rif,"2.2,3",0.0,0,1,0
rif,"2.2,4.3.2.1",0.0,0,1,0
rif,2.2.1,32.80856423173803,521,1003,64
rif,"2.2.1,1.2.2",0.0,0,1,0
rif,"2.2.1,3",0.0,0,2,0
rif,"2.2.1,4",33.333333333333336,1,2,0
rif,"2.2.1,4.1.1.1",0.0,0,1,0
rif,"2.2.1,4.1.1.3",0.0,0,1,0
rif,"2.2.1,4.3.2.1",0.0,0,1,0
rif,"2.2.1,4.3.4.2",0.0,0,1,0
rif,"2.2.1,4.8",50.0,1,1,0
rif,"2.2.1,6,BOV_AFRI",0.0,0,1,0
rif,"2.2.1,BOV_AFRI",0.0,0,0,1
rif,2.2.1.1,26.31578947368421,45,124,2
rif,2.2.1.2,50.0,12,12,0
rif,2.2.2,69.04761904761905,87,38,1
rif,3,28.594122319301032,360,893,6
rif,"3,4",100.0,1,0,0
rif,3.1.1,14.492753623188406,20,117,1
rif,3.1.2,18.42105263157895,14,61,1
rif,3.1.2.1,28.571428571428573,14,34,1
rif,3.1.2.2,0.0,0,17,0
rif,"3.1.2.2,1.1.1",0.0,0,1,0
rif,4,52.083333333333336,25,22,1
rif,4.1,41.935483870967744,26,36,0
rif,"4.1,1.2.2",100.0,1,0,0
rif,"4.1,2.2.1,4.8",0.0,0,1,0
rif,4.1.1,26.666666666666668,12,32,1
rif,4.1.1.1,10.919540229885058,19,151,4
rif,"4.1.1.1,2.2",100.0,1,0,0
rif,4.1.1.2,4.3478260869565215,2,44,0
rif,4.1.1.3,22.105263157894736,63,213,9
rif,4.1.2,9.821428571428571,11,99,2
rif,"4.1.2,1.2.2",0.0,0,1,0
rif,"4.1.2,4.2.2",0.0,0,1,0
rif,4.1.2.1,14.887218045112782,99,564,2
rif,"4.1.2.1,2.2.1",66.66666666666667,2,1,0
rif,"4.1.2.1,3",0.0,0,1,0
rif,"4.1.2.1,4.4.1",0.0,0,1,0
rif,"4.1.2.1,4.7",0.0,0,1,0
rif,4.2.1,14.285714285714286,23,131,7
rif,"4.2.1,4.7",0.0,0,1,0
rif,4.2.2,47.05882352941177,48,54,0
rif,4.2.2.1,66.66666666666667,18,9,0
rif,4.3,0.0,0,4,0
rif,"4.3,2.2.1",100.0,1,0,0
rif,4.3.1,7.894736842105263,3,34,1
rif,4.3.2,16.666666666666668,13,65,0
rif,4.3.2.1,10.333333333333334,31,263,6
rif,"4.3.2.1,4.3.4",0.0,0,1,0
rif,4.3.3,41.917808219178085,153,205,7
rif,"4.3.3,1.1.3",0.0,0,1,0
rif,"4.3.3,2.2.1",50.0,1,1,0
rif,"4.3.3,3.1.1",100.0,1,0,0
rif,"4.3.3,4.1.1",0.0,0,1,0
rif,"4.3.3,4.1.2",0.0,0,3,0
rif,"4.3.3,4.3.2.1",100.0,2,0,0
rif,4.3.4,0.0,0,2,0
rif,4.3.4.1,21.666666666666668,13,47,0
rif,4.3.4.2,33.07692307692308,43,86,1
rif,"4.3.4.2,3.1.2.1",100.0,1,0,0
rif,4.3.4.2.1,10.236220472440944,13,114,0
rif,"4.3.4.2.1,1.1.2",0.0,0,1,0
rif,4.4,12.5,1,7,0
rif,4.4.1.1,24.73404255319149,93,277,6
rif,"4.4.1.1,3",0.0,0,2,0
rif,"4.4.1.1,4.1.2",0.0,0,4,0
rif,"4.4.1.1,4.3.3",0.0,0,1,0
rif,"4.4.1.1,4.3.4.2.1",66.66666666666667,2,1,0
rif,"4.4.1.1,4.6.1.2",0.0,0,1,0
rif,4.4.1.2,0.0,0,87,3
rif,4.4.2,13.043478260869565,3,20,0
rif,4.5,23.333333333333332,21,68,1
rif,"4.5,1.1.2",100.0,1,0,0
rif,"4.5,1.2.1",0.0,0,2,0
rif,4.6,0.0,0,9,0
rif,4.6.1.1,0.0,0,11,0
rif,4.6.1.2,57.89473684210526,11,8,0
rif,4.6.2,10.714285714285714,3,25,0
rif,4.6.2.1,12.5,1,7,0
rif,4.6.2.2,19.402985074626866,13,52,2
rif,4.7,12.121212121212121,8,57,1
rif,4.8,18.703703703703702,101,431,8
rif,"4.8,4.1.1.3",100.0,2,0,0
rif,"4.8,4.3.4.1",0.0,0,2,0
rif,4.9,25.925925925925927,35,100,0
rif,5,13.333333333333334,2,13,0
rif,"5,6,BOV_AFRI",0.0,0,1,0
rif,6,0.0,0,2,0
rif,"6,BOV_AFRI",5.555555555555555,2,33,1
rif,BOV_AFRI,2.3529411764705883,2,77,6
str,1,0.0,0,3,0
str,"1,2.2.1",0.0,0,0,1
str,1.1,0.0,0,0,1
str,1.1.1,5.555555555555555,2,7,27
str,1.1.1.1,10.0,2,10,8
str,1.1.2,2.2058823529411766,6,107,159
str,"1.1.2,1.2.2",0.0,0,0,1
str,"1.1.2,3",0.0,0,0,2
str,"1.1.2,4",0.0,0,0,6
str,"1.1.2,4.3.2.1",0.0,0,1,0
str,"1.1.2,4.4",0.0,0,0,1
str,1.1.3,0.3225806451612903,1,12,297
str,"1.1.3,1.1.2",0.0,0,2,1
str,"1.1.3,2.2.1.2",0.0,0,0,1
str,"1.1.3,3",0.0,0,0,1
str,"1.1.3,4.1.1.1",0.0,0,0,1
str,"1.1.3,4.5",0.0,0,1,0
str,1.2.1,4.0,11,193,71
str,1.2.2,4.016064257028113,10,30,209
str,"1.2.2,3.1.2",0.0,0,1,0
str,2,0.0,0,1,0
str,"2,4.3.2.1",0.0,0,0,1
str,2.1,5.2631578947368425,1,3,15
str,"2.2,3",0.0,0,0,1
str,"2.2,4.3.2.1",0.0,0,1,0
str,2.2.1,6.54911838790932,104,316,1168
str,"2.2.1,1.2.2",0.0,0,1,0
str,"2.2.1,3",0.0,0,1,1
str,"2.2.1,4",0.0,0,2,1
str,"2.2.1,4.1.1.1",0.0,0,0,1
str,"2.2.1,4.1.1.3",0.0,0,0,1
str,"2.2.1,4.3.2.1",0.0,0,1,0
str,"2.2.1,4.3.4.2",0.0,0,0,1
str,"2.2.1,4.8",50.0,1,0,1
str,"2.2.1,6,BOV_AFRI",0.0,0,0,1
str,"2.2.1,BOV_AFRI",0.0,0,0,1
str,2.2.1.1,4.093567251461988,7,40,124
str,2.2.1.2,8.333333333333334,2,2,20
str,2.2.2,11.904761904761905,15,46,65
str,3,1.0325655281969817,13,132,1114
str,"3,4",0.0,0,0,1
str,3.1.1,1.4492753623188406,2,12,124
str,3.1.2,1.3157894736842106,1,14,61
str,3.1.2.1,0.0,0,7,42
str,3.1.2.2,0.0,0,0,17
str,"3.1.2.2,1.1.1",0.0,0,0,1
str,4,2.0833333333333335,1,10,37
str,4.1,9.67741935483871,6,15,41
str,"4.1,1.2.2",0.0,0,0,1
str,"4.1,2.2.1,4.8",0.0,0,1,0
str,4.1.1,0.0,0,16,29
str,4.1.1.1,3.4482758620689653,6,58,110
str,"4.1.1.1,2.2",100.0,1,0,0
str,4.1.1.2,2.1739130434782608,1,27,18
str,4.1.1.3,1.7543859649122806,5,23,257
str,4.1.2,0.0,0,16,96
str,"4.1.2,1.2.2",0.0,0,1,0
str,"4.1.2,4.2.2",0.0,0,0,1
str,4.1.2.1,2.556390977443609,17,126,522
str,"4.1.2.1,2.2.1",66.66666666666667,2,0,1
str,"4.1.2.1,3",0.0,0,1,0
str,"4.1.2.1,4.4.1",0.0,0,0,1
str,"4.1.2.1,4.7",0.0,0,0,1
str,4.2.1,0.6211180124223602,1,97,63
str,"4.2.1,4.7",0.0,0,0,1
str,4.2.2,8.823529411764707,9,11,82
str,4.2.2.1,0.0,0,0,27
str,4.3,0.0,0,2,2
str,"4.3,2.2.1",0.0,0,0,1
str,4.3.1,2.6315789473684212,1,2,35
str,4.3.2,0.0,0,20,58
str,4.3.2.1,1.6666666666666667,5,18,277
str,"4.3.2.1,4.3.4",0.0,0,0,1
str,4.3.3,9.04109589041096,33,69,263
str,"4.3.3,1.1.3",0.0,0,1,0
str,"4.3.3,2.2.1",100.0,2,0,0
str,"4.3.3,3.1.1",0.0,0,0,1
str,"4.3.3,4.1.1",0.0,0,0,1
str,"4.3.3,4.1.2",0.0,0,1,2
str,"4.3.3,4.3.2.1",0.0,0,0,2
str,4.3.4,0.0,0,0,2
str,4.3.4.1,0.0,0,9,51
str,4.3.4.2,3.076923076923077,4,16,110
str,"4.3.4.2,3.1.2.1",0.0,0,1,0
str,4.3.4.2.1,0.7874015748031497,1,8,118
str,"4.3.4.2.1,1.1.2",0.0,0,0,1
str,4.4,12.5,1,1,6
str,4.4.1.1,5.319148936170213,20,76,280
str,"4.4.1.1,3",0.0,0,0,2
str,"4.4.1.1,4.1.2",0.0,0,0,4
str,"4.4.1.1,4.3.3",0.0,0,0,1
str,"4.4.1.1,4.3.4.2.1",0.0,0,0,3
str,"4.4.1.1,4.6.1.2",0.0,0,1,0
str,4.4.1.2,0.0,0,73,17
str,4.4.2,0.0,0,6,17
str,4.5,3.3333333333333335,3,33,54
str,"4.5,1.1.2",0.0,0,0,1
str,"4.5,1.2.1",0.0,0,2,0
str,4.6,0.0,0,1,8
str,4.6.1.1,0.0,0,5,6
str,4.6.1.2,15.789473684210526,3,6,10
str,4.6.2,0.0,0,1,27
str,4.6.2.1,0.0,0,1,7
str,4.6.2.2,2.985074626865672,2,5,60
str,4.7,1.5151515151515151,1,13,52
str,4.8,3.1481481481481484,17,60,463
str,"4.8,4.1.1.3",50.0,1,1,0
str,"4.8,4.3.4.1",0.0,0,0,2
str,4.9,2.962962962962963,4,18,113
str,5,0.0,0,2,13
str,"5,6,BOV_AFRI",0.0,0,1,0
str,6,0.0,0,1,1
str,"6,BOV_AFRI",2.7777777777777777,1,21,14
str,BOV_AFRI,2.3529411764705883,2,15,68
