,Drug,Lineage,Percentage of Strains that are Resistant,Number of Resistant Strains,Number of Susceptible Strains
0,amk,1.1,0.0,0,3
1,amk,"1.1,4",0.0,0,1
2,amk,1.1.1.1.1,0.0,0,28
3,amk,"1.1.1.1.1,2.2.1.1.1",0.0,0,3
4,amk,"1.1.1.1.2,4.2.1.1.1.1.1.1.i2",0.0,0,1
5,amk,1.1.1.2,0.0,0,55
6,amk,"1.1.1.2,3.1.1.i1",0.0,0,1
7,amk,"1.1.1.2,4.2.1.1.1.1.1.1.i2",0.0,0,1
8,amk,"1.1.1.2.i1,2.2.1.1.1.i3",0.0,0,1
9,amk,1.1.2,2.9585798816568047,5,164
10,amk,"1.1.2,2.2.1.1.1",0.0,0,2
11,amk,"1.1.2,4",0.0,0,1
12,amk,1.2.1.1.1,0.0,0,29
13,amk,1.2.1.1.2,0.0,0,7
14,amk,1.2.1.2,0.0,0,1
15,amk,"1.2.2,4",0.0,0,2
16,amk,"1.2.2,4.2.1.1.1.1.1.1.i2",0.0,0,1
17,amk,1.2.2.1,0.0,0,74
18,amk,"1.2.2.1,1.1.2",0.0,0,1
19,amk,"1.2.2.1,2.2.1.1.1",0.0,0,1
20,amk,"1.2.2.1,4",0.0,0,1
21,amk,"1.2.2.1,4.2.1.2.1.1.i3.1,4.1.i1.1.1.1,2.2.1.1.1,4.2.1.2.1.1.i3.2,4.1.i1.1.2,1.1.1.2.i1,3.1.1.i1,4.2.1.1.1.1.1.1.i2",0.0,0,1
22,amk,1.2.2.2,0.0,0,19
23,amk,2.1,20.0,1,4
24,amk,2.2.1,0.0,0,3
25,amk,2.2.1.1,0.0,0,2
26,amk,"2.2.1.1,4.2.1.1.1.1.1.1.i2",0.0,0,3
27,amk,"2.2.1.1,4.2.2.2.1",0.0,0,1
28,amk,2.2.1.1.1,5.126050420168068,122,2258
29,amk,"2.2.1.1.1,2.2.1.1.2",100.0,1,0
30,amk,"2.2.1.1.1,3.1.1.i1",0.0,0,1
31,amk,"2.2.1.1.1,4",50.0,1,1
32,amk,"2.2.1.1.1,4.2.1.1.1.1.1.1.i2",0.0,0,1
33,amk,"2.2.1.1.1,4.2.1.2.1.1",0.0,0,1
34,amk,"2.2.1.1.1,4.2.1.2.1.1.i1",0.0,0,6
35,amk,2.2.1.1.1.i1,0.0,0,9
36,amk,2.2.1.1.1.i2,20.0,2,8
37,amk,2.2.1.1.1.i3,4.263565891472868,33,741
38,amk,2.2.1.1.2,1.3333333333333333,1,74
39,amk,2.2.1.2,57.142857142857146,4,3
40,amk,"2.2.1.2,3.1,4.2.1.1.1.1.1.1.i2",0.0,0,1
41,amk,2.2.2,50.99601593625498,128,123
42,amk,"2.2.2,2.2.1.1.1",0.0,0,1
43,amk,"2.2.2,3.2.2",0.0,0,1
44,amk,3,0.0,0,3
45,amk,"3,4",0.0,0,1
46,amk,"3,4.2.1.1.1.1.1.1.i2",0.0,0,1
47,amk,3.1,0.0,0,5
48,amk,"3.1,4.2.1.1.1.1.1.1.i2",0.0,0,1
49,amk,3.1.1,10.894941634241246,28,229
50,amk,"3.1.1,2.2.1.1.1",66.66666666666667,2,1
51,amk,"3.1.1,4.1.i1.1.1.1",0.0,0,1
52,amk,"3.1.1,4.2.1.1.1.1.1.1.i2",0.0,0,1
53,amk,"3.1.1,4.2.1.1.1.2.1.1",0.0,0,1
54,amk,3.1.1.i1,0.0,0,28
55,amk,3.1.1.i2,4.3478260869565215,2,44
56,amk,3.1.2,0.0,0,4
57,amk,3.2,0.0,0,1
58,amk,3.2.1,0.0,0,2
59,amk,3.2.2,0.0,0,4
60,amk,4,4.545454545454546,3,63
61,amk,4.1,0.0,0,1
62,amk,4.1.i1.1.1,0.0,0,2
63,amk,4.1.i1.1.1.1,3.1496062992125986,16,492
64,amk,"4.1.i1.1.1.1,2.2.1.1.1",0.0,0,5
65,amk,"4.1.i1.1.1.1,2.2.1.1.1.i3",0.0,0,3
66,amk,"4.1.i1.1.1.1,4.2.1.2.1.1.i4.1",0.0,0,3
67,amk,"4.1.i1.1.1.1,4.2.1.2.2.1",0.0,0,1
68,amk,"4.1.i1.1.1.1,4.2.2.2.1",0.0,0,1
69,amk,4.1.i1.1.1.2,0.0,0,7
70,amk,4.1.i1.1.2,0.0,0,5
71,amk,4.1.i1.2.1,6.11353711790393,14,215
72,amk,"4.1.i1.2.1,2.2.1.1.1",0.0,0,3
73,amk,4.1.i1.2.2,0.0,0,5
74,amk,4.1.i2.1,0.0,0,21
75,amk,"4.1.i2.1,4.2.1.2.1.1.i1",0.0,0,1
76,amk,4.1.i2.2,0.0,0,2
77,amk,4.2.1.1.1.1.1.1.i1,2.152641878669276,11,500
78,amk,"4.2.1.1.1.1.1.1.i1,1.2.1.1.1",0.0,0,1
79,amk,"4.2.1.1.1.1.1.1.i1,2.2",0.0,0,1
80,amk,"4.2.1.1.1.1.1.1.i1,2.2.1",0.0,0,1
81,amk,"4.2.1.1.1.1.1.1.i1,2.2.1.1.1",0.0,0,1
82,amk,"4.2.1.1.1.1.1.1.i1,2.2.1.1.1.i3",0.0,0,7
83,amk,"4.2.1.1.1.1.1.1.i1,4.1.i1.1.1.1",0.0,0,4
84,amk,"4.2.1.1.1.1.1.1.i1,4.2.1.1.1.1.1.1.i2",0.0,0,1
85,amk,"4.2.1.1.1.1.1.1.i1,4.2.1.2.1.1.i1",0.0,0,2
86,amk,"4.2.1.1.1.1.1.1.i1,4.2.1.2.1.1.i4.1",0.0,0,2
87,amk,"4.2.1.1.1.1.1.1.i1,4.2.2",0.0,0,1
88,amk,"4.2.1.1.1.1.1.1.i1,4.2.2.2.1,2.2.1.1.1.i3",0.0,0,1
89,amk,4.2.1.1.1.1.1.1.i2,2.912621359223301,3,100
90,amk,4.2.1.1.1.1.1.2,0.0,0,1
91,amk,4.2.1.1.1.1.2,5.555555555555555,2,34
92,amk,4.2.1.1.1.2.1.1.1.1.1,0.0,0,21
93,amk,4.2.1.1.1.2.1.1.1.1.2,10.0,1,9
94,amk,4.2.1.1.1.2.1.1.2,0.0,0,29
95,amk,4.2.1.1.1.2.1.2,0.0,0,2
96,amk,"4.2.1.1.1.2.2,3.1.1.i1",0.0,0,1
97,amk,4.2.1.1.1.2.2.1.1.1.1,0.0,0,8
98,amk,4.2.1.1.1.2.2.1.1.1.2,0.0,0,8
99,amk,"4.2.1.1.1.2.2.1.1.1.2,4.2.1.1.1.2.2.1.2,1.1.1.2.i1,3.1,4.2.1.1.1.1.1.1.i2",0.0,0,1
100,amk,4.2.1.1.1.2.2.1.1.2,0.0,0,3
101,amk,4.2.1.1.1.2.2.1.2,12.5,1,7
102,amk,"4.2.1.1.1.2.2.1.2,4.2.1.2.1.1.i3.2",0.0,0,1
103,amk,4.2.1.1.1.2.2.2,0.0,0,1
104,amk,4.2.1.1.2,0.0,0,129
105,amk,"4.2.1.1.2,4.2.1.1.1.1.1.1.i2",0.0,0,2
106,amk,4.2.1.2.1.1,0.0,0,1
107,amk,4.2.1.2.1.1.i1,5.303030303030303,7,125
108,amk,4.2.1.2.1.1.i2,0.0,0,10
109,amk,4.2.1.2.1.1.i3,0.0,0,1
110,amk,4.2.1.2.1.1.i3.1,17.482517482517483,25,118
111,amk,"4.2.1.2.1.1.i3.1,2.2.1.1.1",100.0,1,0
112,amk,"4.2.1.2.1.1.i3.1,4.2.1.1.1.1.2,4.1.i1.1.1.1,4.2.1.2.1.1.i4.1,2.2.1.1.1",100.0,1,0
113,amk,4.2.1.2.1.1.i3.2,2.7027027027027026,3,108
114,amk,"4.2.1.2.1.1.i4,2.2.1.1.1.i3,4.2.1.1.1.1.1.1.i2",0.0,0,1
115,amk,4.2.1.2.1.1.i4.1,13.485113835376533,77,494
116,amk,"4.2.1.2.1.1.i4.1,2.2.1.1.1.i3",0.0,0,1
117,amk,"4.2.1.2.1.1.i4.1,4.1.i1.1",0.0,0,1
118,amk,"4.2.1.2.1.1.i4.1,4.2.1.2.1.1.i1",0.0,0,1
119,amk,4.2.1.2.1.1.i4.2,16.666666666666668,1,5
120,amk,4.2.1.2.1.2,0.0,0,4
121,amk,"4.2.1.2.1.2,4.2.1.1.1.2.2.1.1.1.2,4.1.i1.2.2,4.1.i1.1,1.1.1.2.i1,3.1,4.2.1.1.1.2.1.1.1,4.2.1.1.1.1.1.1.i2",0.0,0,1
122,amk,4.2.1.2.2.1,0.0,0,3
123,amk,4.2.1.2.2.1.1,1.3605442176870748,2,145
124,amk,4.2.1.2.2.1.2,0.0,0,24
125,amk,4.2.1.2.2.2,0.78125,1,127
126,amk,"4.2.1.2.2.2,4.2.1.1.1.2.2.1",0.0,0,1
127,amk,4.2.2,20.0,6,24
128,amk,"4.2.2,2.2.1.1.1.i3",0.0,0,1
129,amk,4.2.2.1,0.0,0,29
130,amk,"4.2.2.2,2.2.1.1.1.i3",0.0,0,1
131,amk,4.2.2.2.1,2.0050125313283207,8,391
132,amk,"4.2.2.2.1,2.2.1.1.1",0.0,0,3
133,amk,"4.2.2.2.1,2.2.1.1.1.i3",0.0,0,9
134,amk,"4.2.2.2.1,4.2.1.1.1.2.1.1.1",0.0,0,1
135,amk,"4.2.2.2.1,4.2.1.2.1.1.i4.1",0.0,0,2
136,amk,4.2.2.2.2,0.0,0,159
137,amk,"4.2.2.2.2,2.2.1.1.1.i3",0.0,0,2
138,amk,"4.2.2.2.2,4.2.1.1.1.1.1.1.i1",0.0,0,1
139,amk,"4.2.2.2.2,4.2.1.1.1.1.1.1.i2",0.0,0,1
140,amk,5,0.0,0,1
141,amk,6,0.0,0,5
142,amk,nan,0.0,0,28
143,amk,unfilled,5.405405405405405,4,70
144,cap,1.1,0.0,0,3
145,cap,"1.1,4",0.0,0,1
146,cap,1.1.1.1.1,0.0,0,28
147,cap,"1.1.1.1.1,2.2.1.1.1",0.0,0,3
148,cap,"1.1.1.1.2,4.2.1.1.1.1.1.1.i2",0.0,0,1
149,cap,1.1.1.2,0.0,0,55
150,cap,"1.1.1.2,3.1.1.i1",0.0,0,1
151,cap,"1.1.1.2,4.2.1.1.1.1.1.1.i2",0.0,0,1
152,cap,"1.1.1.2.i1,2.2.1.1.1.i3",0.0,0,1
153,cap,1.1.2,3.5502958579881656,6,163
154,cap,"1.1.2,2.2.1.1.1",0.0,0,2
155,cap,"1.1.2,4",0.0,0,1
156,cap,1.2.1.1.1,6.896551724137931,2,27
157,cap,1.2.1.1.2,0.0,0,7
158,cap,1.2.1.2,0.0,0,1
159,cap,"1.2.2,4",0.0,0,2
160,cap,"1.2.2,4.2.1.1.1.1.1.1.i2",0.0,0,1
161,cap,1.2.2.1,0.0,0,74
162,cap,"1.2.2.1,1.1.2",0.0,0,1
163,cap,"1.2.2.1,2.2.1.1.1",0.0,0,1
164,cap,"1.2.2.1,4",0.0,0,1
165,cap,"1.2.2.1,4.2.1.2.1.1.i3.1,4.1.i1.1.1.1,2.2.1.1.1,4.2.1.2.1.1.i3.2,4.1.i1.1.2,1.1.1.2.i1,3.1.1.i1,4.2.1.1.1.1.1.1.i2",0.0,0,1
166,cap,1.2.2.2,0.0,0,19
167,cap,2.1,20.0,1,4
168,cap,2.2.1,0.0,0,3
169,cap,2.2.1.1,0.0,0,2
170,cap,"2.2.1.1,4.2.1.1.1.1.1.1.i2",0.0,0,3
171,cap,"2.2.1.1,4.2.2.2.1",0.0,0,1
172,cap,2.2.1.1.1,5.294117647058823,126,2254
173,cap,"2.2.1.1.1,2.2.1.1.2",100.0,1,0
174,cap,"2.2.1.1.1,3.1.1.i1",0.0,0,1
175,cap,"2.2.1.1.1,4",50.0,1,1
176,cap,"2.2.1.1.1,4.2.1.1.1.1.1.1.i2",0.0,0,1
177,cap,"2.2.1.1.1,4.2.1.2.1.1",0.0,0,1
178,cap,"2.2.1.1.1,4.2.1.2.1.1.i1",0.0,0,6
179,cap,2.2.1.1.1.i1,0.0,0,9
180,cap,2.2.1.1.1.i2,20.0,2,8
181,cap,2.2.1.1.1.i3,4.263565891472868,33,741
182,cap,2.2.1.1.2,1.3333333333333333,1,74
183,cap,2.2.1.2,57.142857142857146,4,3
184,cap,"2.2.1.2,3.1,4.2.1.1.1.1.1.1.i2",0.0,0,1
185,cap,2.2.2,51.79282868525896,130,121
186,cap,"2.2.2,2.2.1.1.1",0.0,0,1
187,cap,"2.2.2,3.2.2",0.0,0,1
188,cap,3,0.0,0,3
189,cap,"3,4",0.0,0,1
190,cap,"3,4.2.1.1.1.1.1.1.i2",0.0,0,1
191,cap,3.1,0.0,0,5
192,cap,"3.1,4.2.1.1.1.1.1.1.i2",0.0,0,1
193,cap,3.1.1,11.673151750972762,30,227
194,cap,"3.1.1,2.2.1.1.1",66.66666666666667,2,1
195,cap,"3.1.1,4.1.i1.1.1.1",0.0,0,1
196,cap,"3.1.1,4.2.1.1.1.1.1.1.i2",0.0,0,1
197,cap,"3.1.1,4.2.1.1.1.2.1.1",0.0,0,1
198,cap,3.1.1.i1,0.0,0,28
199,cap,3.1.1.i2,4.3478260869565215,2,44
200,cap,3.1.2,0.0,0,4
201,cap,3.2,0.0,0,1
202,cap,3.2.1,0.0,0,2
203,cap,3.2.2,0.0,0,4
204,cap,4,53.03030303030303,35,31
205,cap,4.1,0.0,0,1
206,cap,4.1.i1.1.1,0.0,0,2
207,cap,4.1.i1.1.1.1,3.3464566929133857,17,491
208,cap,"4.1.i1.1.1.1,2.2.1.1.1",0.0,0,5
209,cap,"4.1.i1.1.1.1,2.2.1.1.1.i3",0.0,0,3
210,cap,"4.1.i1.1.1.1,4.2.1.2.1.1.i4.1",0.0,0,3
211,cap,"4.1.i1.1.1.1,4.2.1.2.2.1",0.0,0,1
212,cap,"4.1.i1.1.1.1,4.2.2.2.1",0.0,0,1
213,cap,4.1.i1.1.1.2,14.285714285714286,1,6
214,cap,4.1.i1.1.2,0.0,0,5
215,cap,4.1.i1.2.1,6.550218340611353,15,214
216,cap,"4.1.i1.2.1,2.2.1.1.1",0.0,0,3
217,cap,4.1.i1.2.2,0.0,0,5
218,cap,4.1.i2.1,0.0,0,21
219,cap,"4.1.i2.1,4.2.1.2.1.1.i1",0.0,0,1
220,cap,4.1.i2.2,0.0,0,2
221,cap,4.2.1.1.1.1.1.1.i1,2.544031311154599,13,498
222,cap,"4.2.1.1.1.1.1.1.i1,1.2.1.1.1",0.0,0,1
223,cap,"4.2.1.1.1.1.1.1.i1,2.2",0.0,0,1
224,cap,"4.2.1.1.1.1.1.1.i1,2.2.1",0.0,0,1
225,cap,"4.2.1.1.1.1.1.1.i1,2.2.1.1.1",0.0,0,1
226,cap,"4.2.1.1.1.1.1.1.i1,2.2.1.1.1.i3",0.0,0,7
227,cap,"4.2.1.1.1.1.1.1.i1,4.1.i1.1.1.1",0.0,0,4
228,cap,"4.2.1.1.1.1.1.1.i1,4.2.1.1.1.1.1.1.i2",0.0,0,1
229,cap,"4.2.1.1.1.1.1.1.i1,4.2.1.2.1.1.i1",0.0,0,2
230,cap,"4.2.1.1.1.1.1.1.i1,4.2.1.2.1.1.i4.1",0.0,0,2
231,cap,"4.2.1.1.1.1.1.1.i1,4.2.2",0.0,0,1
232,cap,"4.2.1.1.1.1.1.1.i1,4.2.2.2.1,2.2.1.1.1.i3",0.0,0,1
233,cap,4.2.1.1.1.1.1.1.i2,3.883495145631068,4,99
234,cap,4.2.1.1.1.1.1.2,0.0,0,1
235,cap,4.2.1.1.1.1.2,5.555555555555555,2,34
236,cap,4.2.1.1.1.2.1.1.1.1.1,0.0,0,21
237,cap,4.2.1.1.1.2.1.1.1.1.2,10.0,1,9
238,cap,4.2.1.1.1.2.1.1.2,0.0,0,29
239,cap,4.2.1.1.1.2.1.2,0.0,0,2
240,cap,"4.2.1.1.1.2.2,3.1.1.i1",0.0,0,1
241,cap,4.2.1.1.1.2.2.1.1.1.1,0.0,0,8
242,cap,4.2.1.1.1.2.2.1.1.1.2,12.5,1,7
243,cap,"4.2.1.1.1.2.2.1.1.1.2,4.2.1.1.1.2.2.1.2,1.1.1.2.i1,3.1,4.2.1.1.1.1.1.1.i2",0.0,0,1
244,cap,4.2.1.1.1.2.2.1.1.2,0.0,0,3
245,cap,4.2.1.1.1.2.2.1.2,12.5,1,7
246,cap,"4.2.1.1.1.2.2.1.2,4.2.1.2.1.1.i3.2",0.0,0,1
247,cap,4.2.1.1.1.2.2.2,0.0,0,1
248,cap,4.2.1.1.2,0.0,0,129
249,cap,"4.2.1.1.2,4.2.1.1.1.1.1.1.i2",0.0,0,2
250,cap,4.2.1.2.1.1,0.0,0,1
251,cap,4.2.1.2.1.1.i1,5.303030303030303,7,125
252,cap,4.2.1.2.1.1.i2,0.0,0,10
253,cap,4.2.1.2.1.1.i3,0.0,0,1
254,cap,4.2.1.2.1.1.i3.1,17.482517482517483,25,118
255,cap,"4.2.1.2.1.1.i3.1,2.2.1.1.1",100.0,1,0
256,cap,"4.2.1.2.1.1.i3.1,4.2.1.1.1.1.2,4.1.i1.1.1.1,4.2.1.2.1.1.i4.1,2.2.1.1.1",100.0,1,0
257,cap,4.2.1.2.1.1.i3.2,2.7027027027027026,3,108
258,cap,"4.2.1.2.1.1.i4,2.2.1.1.1.i3,4.2.1.1.1.1.1.1.i2",0.0,0,1
259,cap,4.2.1.2.1.1.i4.1,13.485113835376533,77,494
260,cap,"4.2.1.2.1.1.i4.1,2.2.1.1.1.i3",0.0,0,1
261,cap,"4.2.1.2.1.1.i4.1,4.1.i1.1",0.0,0,1
262,cap,"4.2.1.2.1.1.i4.1,4.2.1.2.1.1.i1",0.0,0,1
263,cap,4.2.1.2.1.1.i4.2,16.666666666666668,1,5
264,cap,4.2.1.2.1.2,0.0,0,4
265,cap,"4.2.1.2.1.2,4.2.1.1.1.2.2.1.1.1.2,4.1.i1.2.2,4.1.i1.1,1.1.1.2.i1,3.1,4.2.1.1.1.2.1.1.1,4.2.1.1.1.1.1.1.i2",0.0,0,1
266,cap,4.2.1.2.2.1,0.0,0,3
267,cap,4.2.1.2.2.1.1,1.3605442176870748,2,145
268,cap,4.2.1.2.2.1.2,0.0,0,24
269,cap,4.2.1.2.2.2,0.78125,1,127
270,cap,"4.2.1.2.2.2,4.2.1.1.1.2.2.1",0.0,0,1
271,cap,4.2.2,20.0,6,24
272,cap,"4.2.2,2.2.1.1.1.i3",0.0,0,1
273,cap,4.2.2.1,0.0,0,29
274,cap,"4.2.2.2,2.2.1.1.1.i3",0.0,0,1
275,cap,4.2.2.2.1,2.0050125313283207,8,391
276,cap,"4.2.2.2.1,2.2.1.1.1",0.0,0,3
277,cap,"4.2.2.2.1,2.2.1.1.1.i3",0.0,0,9
278,cap,"4.2.2.2.1,4.2.1.1.1.2.1.1.1",0.0,0,1
279,cap,"4.2.2.2.1,4.2.1.2.1.1.i4.1",0.0,0,2
280,cap,4.2.2.2.2,0.0,0,159
281,cap,"4.2.2.2.2,2.2.1.1.1.i3",0.0,0,2
282,cap,"4.2.2.2.2,4.2.1.1.1.1.1.1.i1",0.0,0,1
283,cap,"4.2.2.2.2,4.2.1.1.1.1.1.1.i2",0.0,0,1
284,cap,5,0.0,0,1
285,cap,6,0.0,0,5
286,cap,nan,3.5714285714285716,1,27
287,cap,unfilled,5.405405405405405,4,70
288,cip,1.1,0.0,0,3
289,cip,"1.1,4",0.0,0,1
290,cip,1.1.1.1.1,7.142857142857143,2,26
291,cip,"1.1.1.1.1,2.2.1.1.1",0.0,0,3
292,cip,"1.1.1.1.2,4.2.1.1.1.1.1.1.i2",0.0,0,1
293,cip,1.1.1.2,0.0,0,55
294,cip,"1.1.1.2,3.1.1.i1",0.0,0,1
295,cip,"1.1.1.2,4.2.1.1.1.1.1.1.i2",0.0,0,1
296,cip,"1.1.1.2.i1,2.2.1.1.1.i3",0.0,0,1
297,cip,1.1.2,4.1420118343195265,7,162
298,cip,"1.1.2,2.2.1.1.1",50.0,1,1
299,cip,"1.1.2,4",0.0,0,1
300,cip,1.2.1.1.1,0.0,0,29
301,cip,1.2.1.1.2,0.0,0,7
302,cip,1.2.1.2,0.0,0,1
303,cip,"1.2.2,4",0.0,0,2
304,cip,"1.2.2,4.2.1.1.1.1.1.1.i2",0.0,0,1
305,cip,1.2.2.1,4.054054054054054,3,71
306,cip,"1.2.2.1,1.1.2",0.0,0,1
307,cip,"1.2.2.1,2.2.1.1.1",100.0,1,0
308,cip,"1.2.2.1,4",0.0,0,1
309,cip,"1.2.2.1,4.2.1.2.1.1.i3.1,4.1.i1.1.1.1,2.2.1.1.1,4.2.1.2.1.1.i3.2,4.1.i1.1.2,1.1.1.2.i1,3.1.1.i1,4.2.1.1.1.1.1.1.i2",0.0,0,1
310,cip,1.2.2.2,0.0,0,19
311,cip,2.1,40.0,2,3
312,cip,2.2.1,0.0,0,3
313,cip,2.2.1.1,0.0,0,2
314,cip,"2.2.1.1,4.2.1.1.1.1.1.1.i2",33.333333333333336,1,2
315,cip,"2.2.1.1,4.2.2.2.1",100.0,1,0
316,cip,2.2.1.1.1,13.193277310924369,314,2066
317,cip,"2.2.1.1.1,2.2.1.1.2",0.0,0,1
318,cip,"2.2.1.1.1,3.1.1.i1",0.0,0,1
319,cip,"2.2.1.1.1,4",50.0,1,1
320,cip,"2.2.1.1.1,4.2.1.1.1.1.1.1.i2",0.0,0,1
321,cip,"2.2.1.1.1,4.2.1.2.1.1",0.0,0,1
322,cip,"2.2.1.1.1,4.2.1.2.1.1.i1",0.0,0,6
323,cip,2.2.1.1.1.i1,11.11111111111111,1,8
324,cip,2.2.1.1.1.i2,10.0,1,9
325,cip,2.2.1.1.1.i3,11.24031007751938,87,687
326,cip,2.2.1.1.2,5.333333333333333,4,71
327,cip,2.2.1.2,0.0,0,7
328,cip,"2.2.1.2,3.1,4.2.1.1.1.1.1.1.i2",0.0,0,1
329,cip,2.2.2,33.864541832669325,85,166
330,cip,"2.2.2,2.2.1.1.1",0.0,0,1
331,cip,"2.2.2,3.2.2",0.0,0,1
332,cip,3,0.0,0,3
333,cip,"3,4",0.0,0,1
334,cip,"3,4.2.1.1.1.1.1.1.i2",100.0,1,0
335,cip,3.1,0.0,0,5
336,cip,"3.1,4.2.1.1.1.1.1.1.i2",0.0,0,1
337,cip,3.1.1,14.396887159533074,37,220
338,cip,"3.1.1,2.2.1.1.1",33.333333333333336,1,2
339,cip,"3.1.1,4.1.i1.1.1.1",0.0,0,1
340,cip,"3.1.1,4.2.1.1.1.1.1.1.i2",0.0,0,1
341,cip,"3.1.1,4.2.1.1.1.2.1.1",0.0,0,1
342,cip,3.1.1.i1,3.5714285714285716,1,27
343,cip,3.1.1.i2,10.869565217391305,5,41
344,cip,3.1.2,0.0,0,4
345,cip,3.2,0.0,0,1
346,cip,3.2.1,0.0,0,2
347,cip,3.2.2,0.0,0,4
348,cip,4,10.606060606060606,7,59
349,cip,4.1,0.0,0,1
350,cip,4.1.i1.1.1,0.0,0,2
351,cip,4.1.i1.1.1.1,3.937007874015748,20,488
352,cip,"4.1.i1.1.1.1,2.2.1.1.1",0.0,0,5
353,cip,"4.1.i1.1.1.1,2.2.1.1.1.i3",0.0,0,3
354,cip,"4.1.i1.1.1.1,4.2.1.2.1.1.i4.1",0.0,0,3
355,cip,"4.1.i1.1.1.1,4.2.1.2.2.1",0.0,0,1
356,cip,"4.1.i1.1.1.1,4.2.2.2.1",0.0,0,1
357,cip,4.1.i1.1.1.2,14.285714285714286,1,6
358,cip,4.1.i1.1.2,20.0,1,4
359,cip,4.1.i1.2.1,8.733624454148472,20,209
360,cip,"4.1.i1.2.1,2.2.1.1.1",0.0,0,3
361,cip,4.1.i1.2.2,0.0,0,5
362,cip,4.1.i2.1,0.0,0,21
363,cip,"4.1.i2.1,4.2.1.2.1.1.i1",0.0,0,1
364,cip,4.1.i2.2,0.0,0,2
365,cip,4.2.1.1.1.1.1.1.i1,4.892367906066537,25,486
366,cip,"4.2.1.1.1.1.1.1.i1,1.2.1.1.1",0.0,0,1
367,cip,"4.2.1.1.1.1.1.1.i1,2.2",0.0,0,1
368,cip,"4.2.1.1.1.1.1.1.i1,2.2.1",0.0,0,1
369,cip,"4.2.1.1.1.1.1.1.i1,2.2.1.1.1",0.0,0,1
370,cip,"4.2.1.1.1.1.1.1.i1,2.2.1.1.1.i3",0.0,0,7
371,cip,"4.2.1.1.1.1.1.1.i1,4.1.i1.1.1.1",0.0,0,4
372,cip,"4.2.1.1.1.1.1.1.i1,4.2.1.1.1.1.1.1.i2",0.0,0,1
373,cip,"4.2.1.1.1.1.1.1.i1,4.2.1.2.1.1.i1",0.0,0,2
374,cip,"4.2.1.1.1.1.1.1.i1,4.2.1.2.1.1.i4.1",0.0,0,2
375,cip,"4.2.1.1.1.1.1.1.i1,4.2.2",0.0,0,1
376,cip,"4.2.1.1.1.1.1.1.i1,4.2.2.2.1,2.2.1.1.1.i3",0.0,0,1
377,cip,4.2.1.1.1.1.1.1.i2,7.766990291262136,8,95
378,cip,4.2.1.1.1.1.1.2,0.0,0,1
379,cip,4.2.1.1.1.1.2,0.0,0,36
380,cip,4.2.1.1.1.2.1.1.1.1.1,4.761904761904762,1,20
381,cip,4.2.1.1.1.2.1.1.1.1.2,0.0,0,10
382,cip,4.2.1.1.1.2.1.1.2,0.0,0,29
383,cip,4.2.1.1.1.2.1.2,0.0,0,2
384,cip,"4.2.1.1.1.2.2,3.1.1.i1",0.0,0,1
385,cip,4.2.1.1.1.2.2.1.1.1.1,0.0,0,8
386,cip,4.2.1.1.1.2.2.1.1.1.2,0.0,0,8
387,cip,"4.2.1.1.1.2.2.1.1.1.2,4.2.1.1.1.2.2.1.2,1.1.1.2.i1,3.1,4.2.1.1.1.1.1.1.i2",0.0,0,1
388,cip,4.2.1.1.1.2.2.1.1.2,0.0,0,3
389,cip,4.2.1.1.1.2.2.1.2,25.0,2,6
390,cip,"4.2.1.1.1.2.2.1.2,4.2.1.2.1.1.i3.2",100.0,1,0
391,cip,4.2.1.1.1.2.2.2,0.0,0,1
392,cip,4.2.1.1.2,4.651162790697675,6,123
393,cip,"4.2.1.1.2,4.2.1.1.1.1.1.1.i2",0.0,0,2
394,cip,4.2.1.2.1.1,0.0,0,1
395,cip,4.2.1.2.1.1.i1,3.0303030303030303,4,128
396,cip,4.2.1.2.1.1.i2,0.0,0,10
397,cip,4.2.1.2.1.1.i3,0.0,0,1
398,cip,4.2.1.2.1.1.i3.1,16.783216783216783,24,119
399,cip,"4.2.1.2.1.1.i3.1,2.2.1.1.1",100.0,1,0
400,cip,"4.2.1.2.1.1.i3.1,4.2.1.1.1.1.2,4.1.i1.1.1.1,4.2.1.2.1.1.i4.1,2.2.1.1.1",100.0,1,0
401,cip,4.2.1.2.1.1.i3.2,2.7027027027027026,3,108
402,cip,"4.2.1.2.1.1.i4,2.2.1.1.1.i3,4.2.1.1.1.1.1.1.i2",0.0,0,1
403,cip,4.2.1.2.1.1.i4.1,14.360770577933451,82,489
404,cip,"4.2.1.2.1.1.i4.1,2.2.1.1.1.i3",0.0,0,1
405,cip,"4.2.1.2.1.1.i4.1,4.1.i1.1",0.0,0,1
406,cip,"4.2.1.2.1.1.i4.1,4.2.1.2.1.1.i1",0.0,0,1
407,cip,4.2.1.2.1.1.i4.2,0.0,0,6
408,cip,4.2.1.2.1.2,0.0,0,4
409,cip,"4.2.1.2.1.2,4.2.1.1.1.2.2.1.1.1.2,4.1.i1.2.2,4.1.i1.1,1.1.1.2.i1,3.1,4.2.1.1.1.2.1.1.1,4.2.1.1.1.1.1.1.i2",0.0,0,1
410,cip,4.2.1.2.2.1,0.0,0,3
411,cip,4.2.1.2.2.1.1,16.3265306122449,24,123
412,cip,4.2.1.2.2.1.2,4.166666666666667,1,23
413,cip,4.2.1.2.2.2,3.90625,5,123
414,cip,"4.2.1.2.2.2,4.2.1.1.1.2.2.1",0.0,0,1
415,cip,4.2.2,10.0,3,27
416,cip,"4.2.2,2.2.1.1.1.i3",0.0,0,1
417,cip,4.2.2.1,6.896551724137931,2,27
418,cip,"4.2.2.2,2.2.1.1.1.i3",0.0,0,1
419,cip,4.2.2.2.1,14.786967418546366,59,340
420,cip,"4.2.2.2.1,2.2.1.1.1",0.0,0,3
421,cip,"4.2.2.2.1,2.2.1.1.1.i3",33.333333333333336,3,6
422,cip,"4.2.2.2.1,4.2.1.1.1.2.1.1.1",0.0,0,1
423,cip,"4.2.2.2.1,4.2.1.2.1.1.i4.1",50.0,1,1
424,cip,4.2.2.2.2,0.0,0,159
425,cip,"4.2.2.2.2,2.2.1.1.1.i3",0.0,0,2
426,cip,"4.2.2.2.2,4.2.1.1.1.1.1.1.i1",0.0,0,1
427,cip,"4.2.2.2.2,4.2.1.1.1.1.1.1.i2",0.0,0,1
428,cip,5,0.0,0,1
429,cip,6,40.0,2,3
430,cip,nan,17.857142857142858,5,23
431,cip,unfilled,24.324324324324323,18,56
432,emb,1.1,33.333333333333336,1,2
433,emb,"1.1,4",0.0,0,1
434,emb,1.1.1.1.1,14.285714285714286,4,24
435,emb,"1.1.1.1.1,2.2.1.1.1",33.333333333333336,1,2
436,emb,"1.1.1.1.2,4.2.1.1.1.1.1.1.i2",0.0,0,1
437,emb,1.1.1.2,3.6363636363636362,2,53
438,emb,"1.1.1.2,3.1.1.i1",0.0,0,1
439,emb,"1.1.1.2,4.2.1.1.1.1.1.1.i2",0.0,0,1
440,emb,"1.1.1.2.i1,2.2.1.1.1.i3",0.0,0,1
441,emb,1.1.2,10.650887573964496,18,151
442,emb,"1.1.2,2.2.1.1.1",0.0,0,2
443,emb,"1.1.2,4",0.0,0,1
444,emb,1.2.1.1.1,0.0,0,29
445,emb,1.2.1.1.2,14.285714285714286,1,6
446,emb,1.2.1.2,100.0,1,0
447,emb,"1.2.2,4",0.0,0,2
448,emb,"1.2.2,4.2.1.1.1.1.1.1.i2",0.0,0,1
449,emb,1.2.2.1,35.13513513513514,26,48
450,emb,"1.2.2.1,1.1.2",0.0,0,1
451,emb,"1.2.2.1,2.2.1.1.1",100.0,1,0
452,emb,"1.2.2.1,4",0.0,0,1
453,emb,"1.2.2.1,4.2.1.2.1.1.i3.1,4.1.i1.1.1.1,2.2.1.1.1,4.2.1.2.1.1.i3.2,4.1.i1.1.2,1.1.1.2.i1,3.1.1.i1,4.2.1.1.1.1.1.1.i2",0.0,0,1
454,emb,1.2.2.2,0.0,0,19
455,emb,2.1,80.0,4,1
456,emb,2.2.1,0.0,0,3
457,emb,2.2.1.1,0.0,0,2
458,emb,"2.2.1.1,4.2.1.1.1.1.1.1.i2",0.0,0,3
459,emb,"2.2.1.1,4.2.2.2.1",100.0,1,0
460,emb,2.2.1.1.1,26.34453781512605,627,1753
461,emb,"2.2.1.1.1,2.2.1.1.2",100.0,1,0
462,emb,"2.2.1.1.1,3.1.1.i1",0.0,0,1
463,emb,"2.2.1.1.1,4",0.0,0,2
464,emb,"2.2.1.1.1,4.2.1.1.1.1.1.1.i2",0.0,0,1
465,emb,"2.2.1.1.1,4.2.1.2.1.1",0.0,0,1
466,emb,"2.2.1.1.1,4.2.1.2.1.1.i1",0.0,0,6
467,emb,2.2.1.1.1.i1,22.22222222222222,2,7
468,emb,2.2.1.1.1.i2,30.0,3,7
469,emb,2.2.1.1.1.i3,35.65891472868217,276,498
470,emb,2.2.1.1.2,18.666666666666668,14,61
471,emb,2.2.1.2,42.857142857142854,3,4
472,emb,"2.2.1.2,3.1,4.2.1.1.1.1.1.1.i2",0.0,0,1
473,emb,2.2.2,67.33067729083665,169,82
474,emb,"2.2.2,2.2.1.1.1",0.0,0,1
475,emb,"2.2.2,3.2.2",100.0,1,0
476,emb,3,0.0,0,3
477,emb,"3,4",0.0,0,1
478,emb,"3,4.2.1.1.1.1.1.1.i2",100.0,1,0
479,emb,3.1,0.0,0,5
480,emb,"3.1,4.2.1.1.1.1.1.1.i2",0.0,0,1
481,emb,3.1.1,37.7431906614786,97,160
482,emb,"3.1.1,2.2.1.1.1",100.0,3,0
483,emb,"3.1.1,4.1.i1.1.1.1",0.0,0,1
484,emb,"3.1.1,4.2.1.1.1.1.1.1.i2",0.0,0,1
485,emb,"3.1.1,4.2.1.1.1.2.1.1",0.0,0,1
486,emb,3.1.1.i1,39.285714285714285,11,17
487,emb,3.1.1.i2,19.565217391304348,9,37
488,emb,3.1.2,25.0,1,3
489,emb,3.2,0.0,0,1
490,emb,3.2.1,0.0,0,2
491,emb,3.2.2,0.0,0,4
492,emb,4,18.181818181818183,12,54
493,emb,4.1,0.0,0,1
494,emb,4.1.i1.1.1,0.0,0,2
495,emb,4.1.i1.1.1.1,14.960629921259843,76,432
496,emb,"4.1.i1.1.1.1,2.2.1.1.1",40.0,2,3
497,emb,"4.1.i1.1.1.1,2.2.1.1.1.i3",66.66666666666667,2,1
498,emb,"4.1.i1.1.1.1,4.2.1.2.1.1.i4.1",33.333333333333336,1,2
499,emb,"4.1.i1.1.1.1,4.2.1.2.2.1",0.0,0,1
500,emb,"4.1.i1.1.1.1,4.2.2.2.1",100.0,1,0
501,emb,4.1.i1.1.1.2,14.285714285714286,1,6
502,emb,4.1.i1.1.2,40.0,2,3
503,emb,4.1.i1.2.1,29.694323144104803,68,161
504,emb,"4.1.i1.2.1,2.2.1.1.1",0.0,0,3
505,emb,4.1.i1.2.2,0.0,0,5
506,emb,4.1.i2.1,47.61904761904762,10,11
507,emb,"4.1.i2.1,4.2.1.2.1.1.i1",0.0,0,1
508,emb,4.1.i2.2,50.0,1,1
509,emb,4.2.1.1.1.1.1.1.i1,11.937377690802348,61,450
510,emb,"4.2.1.1.1.1.1.1.i1,1.2.1.1.1",0.0,0,1
511,emb,"4.2.1.1.1.1.1.1.i1,2.2",0.0,0,1
512,emb,"4.2.1.1.1.1.1.1.i1,2.2.1",0.0,0,1
513,emb,"4.2.1.1.1.1.1.1.i1,2.2.1.1.1",0.0,0,1
514,emb,"4.2.1.1.1.1.1.1.i1,2.2.1.1.1.i3",0.0,0,7
515,emb,"4.2.1.1.1.1.1.1.i1,4.1.i1.1.1.1",0.0,0,4
516,emb,"4.2.1.1.1.1.1.1.i1,4.2.1.1.1.1.1.1.i2",0.0,0,1
517,emb,"4.2.1.1.1.1.1.1.i1,4.2.1.2.1.1.i1",0.0,0,2
518,emb,"4.2.1.1.1.1.1.1.i1,4.2.1.2.1.1.i4.1",0.0,0,2
519,emb,"4.2.1.1.1.1.1.1.i1,4.2.2",0.0,0,1
520,emb,"4.2.1.1.1.1.1.1.i1,4.2.2.2.1,2.2.1.1.1.i3",100.0,1,0
521,emb,4.2.1.1.1.1.1.1.i2,11.650485436893204,12,91
522,emb,4.2.1.1.1.1.1.2,0.0,0,1
523,emb,4.2.1.1.1.1.2,100.0,36,0
524,emb,4.2.1.1.1.2.1.1.1.1.1,4.761904761904762,1,20
525,emb,4.2.1.1.1.2.1.1.1.1.2,10.0,1,9
526,emb,4.2.1.1.1.2.1.1.2,82.75862068965517,24,5
527,emb,4.2.1.1.1.2.1.2,0.0,0,2
528,emb,"4.2.1.1.1.2.2,3.1.1.i1",0.0,0,1
529,emb,4.2.1.1.1.2.2.1.1.1.1,100.0,8,0
530,emb,4.2.1.1.1.2.2.1.1.1.2,50.0,4,4
531,emb,"4.2.1.1.1.2.2.1.1.1.2,4.2.1.1.1.2.2.1.2,1.1.1.2.i1,3.1,4.2.1.1.1.1.1.1.i2",100.0,1,0
532,emb,4.2.1.1.1.2.2.1.1.2,0.0,0,3
533,emb,4.2.1.1.1.2.2.1.2,100.0,8,0
534,emb,"4.2.1.1.1.2.2.1.2,4.2.1.2.1.1.i3.2",100.0,1,0
535,emb,4.2.1.1.1.2.2.2,0.0,0,1
536,emb,4.2.1.1.2,10.852713178294573,14,115
537,emb,"4.2.1.1.2,4.2.1.1.1.1.1.1.i2",0.0,0,2
538,emb,4.2.1.2.1.1,0.0,0,1
539,emb,4.2.1.2.1.1.i1,12.878787878787879,17,115
540,emb,4.2.1.2.1.1.i2,50.0,5,5
541,emb,4.2.1.2.1.1.i3,100.0,1,0
542,emb,4.2.1.2.1.1.i3.1,47.55244755244755,68,75
543,emb,"4.2.1.2.1.1.i3.1,2.2.1.1.1",100.0,1,0
544,emb,"4.2.1.2.1.1.i3.1,4.2.1.1.1.1.2,4.1.i1.1.1.1,4.2.1.2.1.1.i4.1,2.2.1.1.1",100.0,1,0
545,emb,4.2.1.2.1.1.i3.2,24.324324324324323,27,84
546,emb,"4.2.1.2.1.1.i4,2.2.1.1.1.i3,4.2.1.1.1.1.1.1.i2",100.0,1,0
547,emb,4.2.1.2.1.1.i4.1,40.80560420315236,233,338
548,emb,"4.2.1.2.1.1.i4.1,2.2.1.1.1.i3",0.0,0,1
549,emb,"4.2.1.2.1.1.i4.1,4.1.i1.1",0.0,0,1
550,emb,"4.2.1.2.1.1.i4.1,4.2.1.2.1.1.i1",100.0,1,0
551,emb,4.2.1.2.1.1.i4.2,33.333333333333336,2,4
552,emb,4.2.1.2.1.2,25.0,1,3
553,emb,"4.2.1.2.1.2,4.2.1.1.1.2.2.1.1.1.2,4.1.i1.2.2,4.1.i1.1,1.1.1.2.i1,3.1,4.2.1.1.1.2.1.1.1,4.2.1.1.1.1.1.1.i2",0.0,0,1
554,emb,4.2.1.2.2.1,0.0,0,3
555,emb,4.2.1.2.2.1.1,58.50340136054422,86,61
556,emb,4.2.1.2.2.1.2,8.333333333333334,2,22
557,emb,4.2.1.2.2.2,9.375,12,116
558,emb,"4.2.1.2.2.2,4.2.1.1.1.2.2.1",0.0,0,1
559,emb,4.2.2,60.0,18,12
560,emb,"4.2.2,2.2.1.1.1.i3",0.0,0,1
561,emb,4.2.2.1,24.137931034482758,7,22
562,emb,"4.2.2.2,2.2.1.1.1.i3",0.0,0,1
563,emb,4.2.2.2.1,78.44611528822055,313,86
564,emb,"4.2.2.2.1,2.2.1.1.1",100.0,3,0
565,emb,"4.2.2.2.1,2.2.1.1.1.i3",100.0,9,0
566,emb,"4.2.2.2.1,4.2.1.1.1.2.1.1.1",0.0,0,1
567,emb,"4.2.2.2.1,4.2.1.2.1.1.i4.1",100.0,2,0
568,emb,4.2.2.2.2,4.40251572327044,7,152
569,emb,"4.2.2.2.2,2.2.1.1.1.i3",100.0,2,0
570,emb,"4.2.2.2.2,4.2.1.1.1.1.1.1.i1",0.0,0,1
571,emb,"4.2.2.2.2,4.2.1.1.1.1.1.1.i2",0.0,0,1
572,emb,5,0.0,0,1
573,emb,6,40.0,2,3
574,emb,nan,3.5714285714285716,1,27
575,emb,unfilled,64.86486486486487,48,26
576,eth,1.1,0.0,0,3
577,eth,"1.1,4",0.0,0,1
578,eth,1.1.1.1.1,14.285714285714286,4,24
579,eth,"1.1.1.1.1,2.2.1.1.1",33.333333333333336,1,2
580,eth,"1.1.1.1.2,4.2.1.1.1.1.1.1.i2",0.0,0,1
581,eth,1.1.1.2,12.727272727272727,7,48
582,eth,"1.1.1.2,3.1.1.i1",0.0,0,1
583,eth,"1.1.1.2,4.2.1.1.1.1.1.1.i2",0.0,0,1
584,eth,"1.1.1.2.i1,2.2.1.1.1.i3",0.0,0,1
585,eth,1.1.2,7.6923076923076925,13,156
586,eth,"1.1.2,2.2.1.1.1",0.0,0,2
587,eth,"1.1.2,4",0.0,0,1
588,eth,1.2.1.1.1,10.344827586206897,3,26
589,eth,1.2.1.1.2,28.571428571428573,2,5
590,eth,1.2.1.2,100.0,1,0
591,eth,"1.2.2,4",0.0,0,2
592,eth,"1.2.2,4.2.1.1.1.1.1.1.i2",0.0,0,1
593,eth,1.2.2.1,31.08108108108108,23,51
594,eth,"1.2.2.1,1.1.2",0.0,0,1
595,eth,"1.2.2.1,2.2.1.1.1",100.0,1,0
596,eth,"1.2.2.1,4",0.0,0,1
597,eth,"1.2.2.1,4.2.1.2.1.1.i3.1,4.1.i1.1.1.1,2.2.1.1.1,4.2.1.2.1.1.i3.2,4.1.i1.1.2,1.1.1.2.i1,3.1.1.i1,4.2.1.1.1.1.1.1.i2",0.0,0,1
598,eth,1.2.2.2,0.0,0,19
599,eth,2.1,0.0,0,5
600,eth,2.2.1,0.0,0,3
601,eth,2.2.1.1,0.0,0,2
602,eth,"2.2.1.1,4.2.1.1.1.1.1.1.i2",0.0,0,3
603,eth,"2.2.1.1,4.2.2.2.1",100.0,1,0
604,eth,2.2.1.1.1,11.092436974789916,264,2116
605,eth,"2.2.1.1.1,2.2.1.1.2",0.0,0,1
606,eth,"2.2.1.1.1,3.1.1.i1",0.0,0,1
607,eth,"2.2.1.1.1,4",0.0,0,2
608,eth,"2.2.1.1.1,4.2.1.1.1.1.1.1.i2",0.0,0,1
609,eth,"2.2.1.1.1,4.2.1.2.1.1",0.0,0,1
610,eth,"2.2.1.1.1,4.2.1.2.1.1.i1",0.0,0,6
611,eth,2.2.1.1.1.i1,0.0,0,9
612,eth,2.2.1.1.1.i2,10.0,1,9
613,eth,2.2.1.1.1.i3,7.622739018087855,59,715
614,eth,2.2.1.1.2,4.0,3,72
615,eth,2.2.1.2,28.571428571428573,2,5
616,eth,"2.2.1.2,3.1,4.2.1.1.1.1.1.1.i2",0.0,0,1
617,eth,2.2.2,54.18326693227092,136,115
618,eth,"2.2.2,2.2.1.1.1",0.0,0,1
619,eth,"2.2.2,3.2.2",100.0,1,0
620,eth,3,0.0,0,3
621,eth,"3,4",0.0,0,1
622,eth,"3,4.2.1.1.1.1.1.1.i2",0.0,0,1
623,eth,3.1,0.0,0,5
624,eth,"3.1,4.2.1.1.1.1.1.1.i2",0.0,0,1
625,eth,3.1.1,5.058365758754864,13,244
626,eth,"3.1.1,2.2.1.1.1",0.0,0,3
627,eth,"3.1.1,4.1.i1.1.1.1",0.0,0,1
628,eth,"3.1.1,4.2.1.1.1.1.1.1.i2",0.0,0,1
629,eth,"3.1.1,4.2.1.1.1.2.1.1",100.0,1,0
630,eth,3.1.1.i1,10.714285714285714,3,25
631,eth,3.1.1.i2,2.1739130434782608,1,45
632,eth,3.1.2,0.0,0,4
633,eth,3.2,0.0,0,1
634,eth,3.2.1,0.0,0,2
635,eth,3.2.2,25.0,1,3
636,eth,4,3.0303030303030303,2,64
637,eth,4.1,0.0,0,1
638,eth,4.1.i1.1.1,0.0,0,2
639,eth,4.1.i1.1.1.1,8.661417322834646,44,464
640,eth,"4.1.i1.1.1.1,2.2.1.1.1",20.0,1,4
641,eth,"4.1.i1.1.1.1,2.2.1.1.1.i3",33.333333333333336,1,2
642,eth,"4.1.i1.1.1.1,4.2.1.2.1.1.i4.1",100.0,3,0
643,eth,"4.1.i1.1.1.1,4.2.1.2.2.1",0.0,0,1
644,eth,"4.1.i1.1.1.1,4.2.2.2.1",100.0,1,0
645,eth,4.1.i1.1.1.2,0.0,0,7
646,eth,4.1.i1.1.2,0.0,0,5
647,eth,4.1.i1.2.1,21.83406113537118,50,179
648,eth,"4.1.i1.2.1,2.2.1.1.1",0.0,0,3
649,eth,4.1.i1.2.2,0.0,0,5
650,eth,4.1.i2.1,0.0,0,21
651,eth,"4.1.i2.1,4.2.1.2.1.1.i1",0.0,0,1
652,eth,4.1.i2.2,50.0,1,1
653,eth,4.2.1.1.1.1.1.1.i1,6.8493150684931505,35,476
654,eth,"4.2.1.1.1.1.1.1.i1,1.2.1.1.1",0.0,0,1
655,eth,"4.2.1.1.1.1.1.1.i1,2.2",0.0,0,1
656,eth,"4.2.1.1.1.1.1.1.i1,2.2.1",0.0,0,1
657,eth,"4.2.1.1.1.1.1.1.i1,2.2.1.1.1",100.0,1,0
658,eth,"4.2.1.1.1.1.1.1.i1,2.2.1.1.1.i3",0.0,0,7
659,eth,"4.2.1.1.1.1.1.1.i1,4.1.i1.1.1.1",0.0,0,4
660,eth,"4.2.1.1.1.1.1.1.i1,4.2.1.1.1.1.1.1.i2",0.0,0,1
661,eth,"4.2.1.1.1.1.1.1.i1,4.2.1.2.1.1.i1",0.0,0,2
662,eth,"4.2.1.1.1.1.1.1.i1,4.2.1.2.1.1.i4.1",0.0,0,2
663,eth,"4.2.1.1.1.1.1.1.i1,4.2.2",100.0,1,0
664,eth,"4.2.1.1.1.1.1.1.i1,4.2.2.2.1,2.2.1.1.1.i3",100.0,1,0
665,eth,4.2.1.1.1.1.1.1.i2,0.970873786407767,1,102
666,eth,4.2.1.1.1.1.1.2,0.0,0,1
667,eth,4.2.1.1.1.1.2,0.0,0,36
668,eth,4.2.1.1.1.2.1.1.1.1.1,4.761904761904762,1,20
669,eth,4.2.1.1.1.2.1.1.1.1.2,0.0,0,10
670,eth,4.2.1.1.1.2.1.1.2,0.0,0,29
671,eth,4.2.1.1.1.2.1.2,0.0,0,2
672,eth,"4.2.1.1.1.2.2,3.1.1.i1",0.0,0,1
673,eth,4.2.1.1.1.2.2.1.1.1.1,0.0,0,8
674,eth,4.2.1.1.1.2.2.1.1.1.2,37.5,3,5
675,eth,"4.2.1.1.1.2.2.1.1.1.2,4.2.1.1.1.2.2.1.2,1.1.1.2.i1,3.1,4.2.1.1.1.1.1.1.i2",0.0,0,1
676,eth,4.2.1.1.1.2.2.1.1.2,33.333333333333336,1,2
677,eth,4.2.1.1.1.2.2.1.2,0.0,0,8
678,eth,"4.2.1.1.1.2.2.1.2,4.2.1.2.1.1.i3.2",0.0,0,1
679,eth,4.2.1.1.1.2.2.2,0.0,0,1
680,eth,4.2.1.1.2,6.2015503875969,8,121
681,eth,"4.2.1.1.2,4.2.1.1.1.1.1.1.i2",0.0,0,2
682,eth,4.2.1.2.1.1,0.0,0,1
683,eth,4.2.1.2.1.1.i1,7.575757575757576,10,122
684,eth,4.2.1.2.1.1.i2,20.0,2,8
685,eth,4.2.1.2.1.1.i3,0.0,0,1
686,eth,4.2.1.2.1.1.i3.1,46.15384615384615,66,77
687,eth,"4.2.1.2.1.1.i3.1,2.2.1.1.1",0.0,0,1
688,eth,"4.2.1.2.1.1.i3.1,4.2.1.1.1.1.2,4.1.i1.1.1.1,4.2.1.2.1.1.i4.1,2.2.1.1.1",100.0,1,0
689,eth,4.2.1.2.1.1.i3.2,18.01801801801802,20,91
690,eth,"4.2.1.2.1.1.i4,2.2.1.1.1.i3,4.2.1.1.1.1.1.1.i2",0.0,0,1
691,eth,4.2.1.2.1.1.i4.1,25.569176882661996,146,425
692,eth,"4.2.1.2.1.1.i4.1,2.2.1.1.1.i3",0.0,0,1
693,eth,"4.2.1.2.1.1.i4.1,4.1.i1.1",0.0,0,1
694,eth,"4.2.1.2.1.1.i4.1,4.2.1.2.1.1.i1",100.0,1,0
695,eth,4.2.1.2.1.1.i4.2,0.0,0,6
696,eth,4.2.1.2.1.2,25.0,1,3
697,eth,"4.2.1.2.1.2,4.2.1.1.1.2.2.1.1.1.2,4.1.i1.2.2,4.1.i1.1,1.1.1.2.i1,3.1,4.2.1.1.1.2.1.1.1,4.2.1.1.1.1.1.1.i2",0.0,0,1
698,eth,4.2.1.2.2.1,0.0,0,3
699,eth,4.2.1.2.2.1.1,25.170068027210885,37,110
700,eth,4.2.1.2.2.1.2,0.0,0,24
701,eth,4.2.1.2.2.2,3.125,4,124
702,eth,"4.2.1.2.2.2,4.2.1.1.1.2.2.1",0.0,0,1
703,eth,4.2.2,3.3333333333333335,1,29
704,eth,"4.2.2,2.2.1.1.1.i3",0.0,0,1
705,eth,4.2.2.1,6.896551724137931,2,27
706,eth,"4.2.2.2,2.2.1.1.1.i3",0.0,0,1
707,eth,4.2.2.2.1,77.69423558897243,310,89
708,eth,"4.2.2.2.1,2.2.1.1.1",100.0,3,0
709,eth,"4.2.2.2.1,2.2.1.1.1.i3",88.88888888888889,8,1
710,eth,"4.2.2.2.1,4.2.1.1.1.2.1.1.1",0.0,0,1
711,eth,"4.2.2.2.1,4.2.1.2.1.1.i4.1",100.0,2,0
712,eth,4.2.2.2.2,1.2578616352201257,2,157
713,eth,"4.2.2.2.2,2.2.1.1.1.i3",0.0,0,2
714,eth,"4.2.2.2.2,4.2.1.1.1.1.1.1.i1",0.0,0,1
715,eth,"4.2.2.2.2,4.2.1.1.1.1.1.1.i2",0.0,0,1
716,eth,5,0.0,0,1
717,eth,6,0.0,0,5
718,eth,nan,0.0,0,28
719,eth,unfilled,31.08108108108108,23,51
720,inh,1.1,33.333333333333336,1,2
721,inh,"1.1,4",0.0,0,1
722,inh,1.1.1.1.1,28.571428571428573,8,20
723,inh,"1.1.1.1.1,2.2.1.1.1",66.66666666666667,2,1
724,inh,"1.1.1.1.2,4.2.1.1.1.1.1.1.i2",0.0,0,1
725,inh,1.1.1.2,20.0,11,44
726,inh,"1.1.1.2,3.1.1.i1",0.0,0,1
727,inh,"1.1.1.2,4.2.1.1.1.1.1.1.i2",0.0,0,1
728,inh,"1.1.1.2.i1,2.2.1.1.1.i3",0.0,0,1
729,inh,1.1.2,24.85207100591716,42,127
730,inh,"1.1.2,2.2.1.1.1",0.0,0,2
731,inh,"1.1.2,4",0.0,0,1
732,inh,1.2.1.1.1,20.689655172413794,6,23
733,inh,1.2.1.1.2,42.857142857142854,3,4
734,inh,1.2.1.2,100.0,1,0
735,inh,"1.2.2,4",0.0,0,2
736,inh,"1.2.2,4.2.1.1.1.1.1.1.i2",0.0,0,1
737,inh,1.2.2.1,44.5945945945946,33,41
738,inh,"1.2.2.1,1.1.2",100.0,1,0
739,inh,"1.2.2.1,2.2.1.1.1",100.0,1,0
740,inh,"1.2.2.1,4",0.0,0,1
741,inh,"1.2.2.1,4.2.1.2.1.1.i3.1,4.1.i1.1.1.1,2.2.1.1.1,4.2.1.2.1.1.i3.2,4.1.i1.1.2,1.1.1.2.i1,3.1.1.i1,4.2.1.1.1.1.1.1.i2",100.0,1,0
742,inh,1.2.2.2,10.526315789473685,2,17
743,inh,2.1,80.0,4,1
744,inh,2.2.1,33.333333333333336,1,2
745,inh,2.2.1.1,0.0,0,2
746,inh,"2.2.1.1,4.2.1.1.1.1.1.1.i2",33.333333333333336,1,2
747,inh,"2.2.1.1,4.2.2.2.1",100.0,1,0
748,inh,2.2.1.1.1,40.46218487394958,963,1417
749,inh,"2.2.1.1.1,2.2.1.1.2",100.0,1,0
750,inh,"2.2.1.1.1,3.1.1.i1",0.0,0,1
751,inh,"2.2.1.1.1,4",0.0,0,2
752,inh,"2.2.1.1.1,4.2.1.1.1.1.1.1.i2",0.0,0,1
753,inh,"2.2.1.1.1,4.2.1.2.1.1",0.0,0,1
754,inh,"2.2.1.1.1,4.2.1.2.1.1.i1",0.0,0,6
755,inh,2.2.1.1.1.i1,22.22222222222222,2,7
756,inh,2.2.1.1.1.i2,30.0,3,7
757,inh,2.2.1.1.1.i3,49.354005167958654,382,392
758,inh,2.2.1.1.2,21.333333333333332,16,59
759,inh,2.2.1.2,71.42857142857143,5,2
760,inh,"2.2.1.2,3.1,4.2.1.1.1.1.1.1.i2",0.0,0,1
761,inh,2.2.2,76.89243027888446,193,58
762,inh,"2.2.2,2.2.1.1.1",0.0,0,1
763,inh,"2.2.2,3.2.2",100.0,1,0
764,inh,3,0.0,0,3
765,inh,"3,4",0.0,0,1
766,inh,"3,4.2.1.1.1.1.1.1.i2",100.0,1,0
767,inh,3.1,0.0,0,5
768,inh,"3.1,4.2.1.1.1.1.1.1.i2",0.0,0,1
769,inh,3.1.1,47.85992217898833,123,134
770,inh,"3.1.1,2.2.1.1.1",100.0,3,0
771,inh,"3.1.1,4.1.i1.1.1.1",100.0,1,0
772,inh,"3.1.1,4.2.1.1.1.1.1.1.i2",0.0,0,1
773,inh,"3.1.1,4.2.1.1.1.2.1.1",100.0,1,0
774,inh,3.1.1.i1,46.42857142857143,13,15
775,inh,3.1.1.i2,32.608695652173914,15,31
776,inh,3.1.2,25.0,1,3
777,inh,3.2,0.0,0,1
778,inh,3.2.1,0.0,0,2
779,inh,3.2.2,25.0,1,3
780,inh,4,31.818181818181817,21,45
781,inh,4.1,0.0,0,1
782,inh,4.1.i1.1.1,0.0,0,2
783,inh,4.1.i1.1.1.1,24.80314960629921,126,382
784,inh,"4.1.i1.1.1.1,2.2.1.1.1",60.0,3,2
785,inh,"4.1.i1.1.1.1,2.2.1.1.1.i3",66.66666666666667,2,1
786,inh,"4.1.i1.1.1.1,4.2.1.2.1.1.i4.1",100.0,3,0
787,inh,"4.1.i1.1.1.1,4.2.1.2.2.1",0.0,0,1
788,inh,"4.1.i1.1.1.1,4.2.2.2.1",100.0,1,0
789,inh,4.1.i1.1.1.2,28.571428571428573,2,5
790,inh,4.1.i1.1.2,80.0,4,1
791,inh,4.1.i1.2.1,42.79475982532751,98,131
792,inh,"4.1.i1.2.1,2.2.1.1.1",0.0,0,3
793,inh,4.1.i1.2.2,0.0,0,5
794,inh,4.1.i2.1,66.66666666666667,14,7
795,inh,"4.1.i2.1,4.2.1.2.1.1.i1",100.0,1,0
796,inh,4.1.i2.2,50.0,1,1
797,inh,4.2.1.1.1.1.1.1.i1,18.98238747553816,97,414
798,inh,"4.2.1.1.1.1.1.1.i1,1.2.1.1.1",0.0,0,1
799,inh,"4.2.1.1.1.1.1.1.i1,2.2",0.0,0,1
800,inh,"4.2.1.1.1.1.1.1.i1,2.2.1",100.0,1,0
801,inh,"4.2.1.1.1.1.1.1.i1,2.2.1.1.1",0.0,0,1
802,inh,"4.2.1.1.1.1.1.1.i1,2.2.1.1.1.i3",0.0,0,7
803,inh,"4.2.1.1.1.1.1.1.i1,4.1.i1.1.1.1",0.0,0,4
804,inh,"4.2.1.1.1.1.1.1.i1,4.2.1.1.1.1.1.1.i2",0.0,0,1
805,inh,"4.2.1.1.1.1.1.1.i1,4.2.1.2.1.1.i1",0.0,0,2
806,inh,"4.2.1.1.1.1.1.1.i1,4.2.1.2.1.1.i4.1",0.0,0,2
807,inh,"4.2.1.1.1.1.1.1.i1,4.2.2",100.0,1,0
808,inh,"4.2.1.1.1.1.1.1.i1,4.2.2.2.1,2.2.1.1.1.i3",100.0,1,0
809,inh,4.2.1.1.1.1.1.1.i2,15.533980582524272,16,87
810,inh,4.2.1.1.1.1.1.2,0.0,0,1
811,inh,4.2.1.1.1.1.2,100.0,36,0
812,inh,4.2.1.1.1.2.1.1.1.1.1,9.523809523809524,2,19
813,inh,4.2.1.1.1.2.1.1.1.1.2,20.0,2,8
814,inh,4.2.1.1.1.2.1.1.2,93.10344827586206,27,2
815,inh,4.2.1.1.1.2.1.2,0.0,0,2
816,inh,"4.2.1.1.1.2.2,3.1.1.i1",0.0,0,1
817,inh,4.2.1.1.1.2.2.1.1.1.1,25.0,2,6
818,inh,4.2.1.1.1.2.2.1.1.1.2,100.0,8,0
819,inh,"4.2.1.1.1.2.2.1.1.1.2,4.2.1.1.1.2.2.1.2,1.1.1.2.i1,3.1,4.2.1.1.1.1.1.1.i2",100.0,1,0
820,inh,4.2.1.1.1.2.2.1.1.2,33.333333333333336,1,2
821,inh,4.2.1.1.1.2.2.1.2,100.0,8,0
822,inh,"4.2.1.1.1.2.2.1.2,4.2.1.2.1.1.i3.2",100.0,1,0
823,inh,4.2.1.1.1.2.2.2,0.0,0,1
824,inh,4.2.1.1.2,21.705426356589147,28,101
825,inh,"4.2.1.1.2,4.2.1.1.1.1.1.1.i2",0.0,0,2
826,inh,4.2.1.2.1.1,0.0,0,1
827,inh,4.2.1.2.1.1.i1,26.515151515151516,35,97
828,inh,4.2.1.2.1.1.i2,70.0,7,3
829,inh,4.2.1.2.1.1.i3,100.0,1,0
830,inh,4.2.1.2.1.1.i3.1,78.32167832167832,112,31
831,inh,"4.2.1.2.1.1.i3.1,2.2.1.1.1",100.0,1,0
832,inh,"4.2.1.2.1.1.i3.1,4.2.1.1.1.1.2,4.1.i1.1.1.1,4.2.1.2.1.1.i4.1,2.2.1.1.1",100.0,1,0
833,inh,4.2.1.2.1.1.i3.2,40.54054054054054,45,66
834,inh,"4.2.1.2.1.1.i4,2.2.1.1.1.i3,4.2.1.1.1.1.1.1.i2",100.0,1,0
835,inh,4.2.1.2.1.1.i4.1,52.01401050788091,297,274
836,inh,"4.2.1.2.1.1.i4.1,2.2.1.1.1.i3",0.0,0,1
837,inh,"4.2.1.2.1.1.i4.1,4.1.i1.1",0.0,0,1
838,inh,"4.2.1.2.1.1.i4.1,4.2.1.2.1.1.i1",100.0,1,0
839,inh,4.2.1.2.1.1.i4.2,66.66666666666667,4,2
840,inh,4.2.1.2.1.2,50.0,2,2
841,inh,"4.2.1.2.1.2,4.2.1.1.1.2.2.1.1.1.2,4.1.i1.2.2,4.1.i1.1,1.1.1.2.i1,3.1,4.2.1.1.1.2.1.1.1,4.2.1.1.1.1.1.1.i2",0.0,0,1
842,inh,4.2.1.2.2.1,33.333333333333336,1,2
843,inh,4.2.1.2.2.1.1,63.265306122448976,93,54
844,inh,4.2.1.2.2.1.2,16.666666666666668,4,20
845,inh,4.2.1.2.2.2,17.96875,23,105
846,inh,"4.2.1.2.2.2,4.2.1.1.1.2.2.1",0.0,0,1
847,inh,4.2.2,80.0,24,6
848,inh,"4.2.2,2.2.1.1.1.i3",100.0,1,0
849,inh,4.2.2.1,31.03448275862069,9,20
850,inh,"4.2.2.2,2.2.1.1.1.i3",100.0,1,0
851,inh,4.2.2.2.1,90.22556390977444,360,39
852,inh,"4.2.2.2.1,2.2.1.1.1",100.0,3,0
853,inh,"4.2.2.2.1,2.2.1.1.1.i3",100.0,9,0
854,inh,"4.2.2.2.1,4.2.1.1.1.2.1.1.1",0.0,0,1
855,inh,"4.2.2.2.1,4.2.1.2.1.1.i4.1",100.0,2,0
856,inh,4.2.2.2.2,13.836477987421384,22,137
857,inh,"4.2.2.2.2,2.2.1.1.1.i3",100.0,2,0
858,inh,"4.2.2.2.2,4.2.1.1.1.1.1.1.i1",0.0,0,1
859,inh,"4.2.2.2.2,4.2.1.1.1.1.1.1.i2",0.0,0,1
860,inh,5,0.0,0,1
861,inh,6,40.0,2,3
862,inh,nan,75.0,21,7
863,inh,unfilled,82.43243243243244,61,13
864,kan,1.1,0.0,0,3
865,kan,"1.1,4",0.0,0,1
866,kan,1.1.1.1.1,0.0,0,28
867,kan,"1.1.1.1.1,2.2.1.1.1",0.0,0,3
868,kan,"1.1.1.1.2,4.2.1.1.1.1.1.1.i2",0.0,0,1
869,kan,1.1.1.2,0.0,0,55
870,kan,"1.1.1.2,3.1.1.i1",0.0,0,1
871,kan,"1.1.1.2,4.2.1.1.1.1.1.1.i2",0.0,0,1
872,kan,"1.1.1.2.i1,2.2.1.1.1.i3",0.0,0,1
873,kan,1.1.2,3.5502958579881656,6,163
874,kan,"1.1.2,2.2.1.1.1",0.0,0,2
875,kan,"1.1.2,4",0.0,0,1
876,kan,1.2.1.1.1,6.896551724137931,2,27
877,kan,1.2.1.1.2,0.0,0,7
878,kan,1.2.1.2,0.0,0,1
879,kan,"1.2.2,4",0.0,0,2
880,kan,"1.2.2,4.2.1.1.1.1.1.1.i2",0.0,0,1
881,kan,1.2.2.1,0.0,0,74
882,kan,"1.2.2.1,1.1.2",0.0,0,1
883,kan,"1.2.2.1,2.2.1.1.1",0.0,0,1
884,kan,"1.2.2.1,4",0.0,0,1
885,kan,"1.2.2.1,4.2.1.2.1.1.i3.1,4.1.i1.1.1.1,2.2.1.1.1,4.2.1.2.1.1.i3.2,4.1.i1.1.2,1.1.1.2.i1,3.1.1.i1,4.2.1.1.1.1.1.1.i2",0.0,0,1
886,kan,1.2.2.2,0.0,0,19
887,kan,2.1,20.0,1,4
888,kan,2.2.1,0.0,0,3
889,kan,2.2.1.1,0.0,0,2
890,kan,"2.2.1.1,4.2.1.1.1.1.1.1.i2",0.0,0,3
891,kan,"2.2.1.1,4.2.2.2.1",0.0,0,1
892,kan,2.2.1.1.1,4.831932773109243,115,2265
893,kan,"2.2.1.1.1,2.2.1.1.2",100.0,1,0
894,kan,"2.2.1.1.1,3.1.1.i1",0.0,0,1
895,kan,"2.2.1.1.1,4",50.0,1,1
896,kan,"2.2.1.1.1,4.2.1.1.1.1.1.1.i2",0.0,0,1
897,kan,"2.2.1.1.1,4.2.1.2.1.1",0.0,0,1
898,kan,"2.2.1.1.1,4.2.1.2.1.1.i1",0.0,0,6
899,kan,2.2.1.1.1.i1,0.0,0,9
900,kan,2.2.1.1.1.i2,20.0,2,8
901,kan,2.2.1.1.1.i3,4.263565891472868,33,741
902,kan,2.2.1.1.2,1.3333333333333333,1,74
903,kan,2.2.1.2,57.142857142857146,4,3
904,kan,"2.2.1.2,3.1,4.2.1.1.1.1.1.1.i2",0.0,0,1
905,kan,2.2.2,51.79282868525896,130,121
906,kan,"2.2.2,2.2.1.1.1",0.0,0,1
907,kan,"2.2.2,3.2.2",0.0,0,1
908,kan,3,0.0,0,3
909,kan,"3,4",0.0,0,1
910,kan,"3,4.2.1.1.1.1.1.1.i2",0.0,0,1
911,kan,3.1,0.0,0,5
912,kan,"3.1,4.2.1.1.1.1.1.1.i2",0.0,0,1
913,kan,3.1.1,11.673151750972762,30,227
914,kan,"3.1.1,2.2.1.1.1",66.66666666666667,2,1
915,kan,"3.1.1,4.1.i1.1.1.1",0.0,0,1
916,kan,"3.1.1,4.2.1.1.1.1.1.1.i2",0.0,0,1
917,kan,"3.1.1,4.2.1.1.1.2.1.1",0.0,0,1
918,kan,3.1.1.i1,3.5714285714285716,1,27
919,kan,3.1.1.i2,6.521739130434782,3,43
920,kan,3.1.2,0.0,0,4
921,kan,3.2,0.0,0,1
922,kan,3.2.1,0.0,0,2
923,kan,3.2.2,0.0,0,4
924,kan,4,4.545454545454546,3,63
925,kan,4.1,0.0,0,1
926,kan,4.1.i1.1.1,0.0,0,2
927,kan,4.1.i1.1.1.1,4.133858267716535,21,487
928,kan,"4.1.i1.1.1.1,2.2.1.1.1",0.0,0,5
929,kan,"4.1.i1.1.1.1,2.2.1.1.1.i3",0.0,0,3
930,kan,"4.1.i1.1.1.1,4.2.1.2.1.1.i4.1",0.0,0,3
931,kan,"4.1.i1.1.1.1,4.2.1.2.2.1",0.0,0,1
932,kan,"4.1.i1.1.1.1,4.2.2.2.1",0.0,0,1
933,kan,4.1.i1.1.1.2,0.0,0,7
934,kan,4.1.i1.1.2,0.0,0,5
935,kan,4.1.i1.2.1,5.676855895196507,13,216
936,kan,"4.1.i1.2.1,2.2.1.1.1",0.0,0,3
937,kan,4.1.i1.2.2,0.0,0,5
938,kan,4.1.i2.1,0.0,0,21
939,kan,"4.1.i2.1,4.2.1.2.1.1.i1",0.0,0,1
940,kan,4.1.i2.2,0.0,0,2
941,kan,4.2.1.1.1.1.1.1.i1,2.73972602739726,14,497
942,kan,"4.2.1.1.1.1.1.1.i1,1.2.1.1.1",0.0,0,1
943,kan,"4.2.1.1.1.1.1.1.i1,2.2",0.0,0,1
944,kan,"4.2.1.1.1.1.1.1.i1,2.2.1",0.0,0,1
945,kan,"4.2.1.1.1.1.1.1.i1,2.2.1.1.1",0.0,0,1
946,kan,"4.2.1.1.1.1.1.1.i1,2.2.1.1.1.i3",0.0,0,7
947,kan,"4.2.1.1.1.1.1.1.i1,4.1.i1.1.1.1",0.0,0,4
948,kan,"4.2.1.1.1.1.1.1.i1,4.2.1.1.1.1.1.1.i2",0.0,0,1
949,kan,"4.2.1.1.1.1.1.1.i1,4.2.1.2.1.1.i1",0.0,0,2
950,kan,"4.2.1.1.1.1.1.1.i1,4.2.1.2.1.1.i4.1",0.0,0,2
951,kan,"4.2.1.1.1.1.1.1.i1,4.2.2",0.0,0,1
952,kan,"4.2.1.1.1.1.1.1.i1,4.2.2.2.1,2.2.1.1.1.i3",0.0,0,1
953,kan,4.2.1.1.1.1.1.1.i2,2.912621359223301,3,100
954,kan,4.2.1.1.1.1.1.2,0.0,0,1
955,kan,4.2.1.1.1.1.2,5.555555555555555,2,34
956,kan,4.2.1.1.1.2.1.1.1.1.1,0.0,0,21
957,kan,4.2.1.1.1.2.1.1.1.1.2,10.0,1,9
958,kan,4.2.1.1.1.2.1.1.2,0.0,0,29
959,kan,4.2.1.1.1.2.1.2,0.0,0,2
960,kan,"4.2.1.1.1.2.2,3.1.1.i1",0.0,0,1
961,kan,4.2.1.1.1.2.2.1.1.1.1,0.0,0,8
962,kan,4.2.1.1.1.2.2.1.1.1.2,12.5,1,7
963,kan,"4.2.1.1.1.2.2.1.1.1.2,4.2.1.1.1.2.2.1.2,1.1.1.2.i1,3.1,4.2.1.1.1.1.1.1.i2",0.0,0,1
964,kan,4.2.1.1.1.2.2.1.1.2,0.0,0,3
965,kan,4.2.1.1.1.2.2.1.2,12.5,1,7
966,kan,"4.2.1.1.1.2.2.1.2,4.2.1.2.1.1.i3.2",0.0,0,1
967,kan,4.2.1.1.1.2.2.2,0.0,0,1
968,kan,4.2.1.1.2,0.7751937984496124,1,128
969,kan,"4.2.1.1.2,4.2.1.1.1.1.1.1.i2",0.0,0,2
970,kan,4.2.1.2.1.1,0.0,0,1
971,kan,4.2.1.2.1.1.i1,4.545454545454546,6,126
972,kan,4.2.1.2.1.1.i2,0.0,0,10
973,kan,4.2.1.2.1.1.i3,0.0,0,1
974,kan,4.2.1.2.1.1.i3.1,17.482517482517483,25,118
975,kan,"4.2.1.2.1.1.i3.1,2.2.1.1.1",100.0,1,0
976,kan,"4.2.1.2.1.1.i3.1,4.2.1.1.1.1.2,4.1.i1.1.1.1,4.2.1.2.1.1.i4.1,2.2.1.1.1",100.0,1,0
977,kan,4.2.1.2.1.1.i3.2,1.8018018018018018,2,109
978,kan,"4.2.1.2.1.1.i4,2.2.1.1.1.i3,4.2.1.1.1.1.1.1.i2",0.0,0,1
979,kan,4.2.1.2.1.1.i4.1,13.8353765323993,79,492
980,kan,"4.2.1.2.1.1.i4.1,2.2.1.1.1.i3",0.0,0,1
981,kan,"4.2.1.2.1.1.i4.1,4.1.i1.1",0.0,0,1
982,kan,"4.2.1.2.1.1.i4.1,4.2.1.2.1.1.i1",0.0,0,1
983,kan,4.2.1.2.1.1.i4.2,16.666666666666668,1,5
984,kan,4.2.1.2.1.2,0.0,0,4
985,kan,"4.2.1.2.1.2,4.2.1.1.1.2.2.1.1.1.2,4.1.i1.2.2,4.1.i1.1,1.1.1.2.i1,3.1,4.2.1.1.1.2.1.1.1,4.2.1.1.1.1.1.1.i2",0.0,0,1
986,kan,4.2.1.2.2.1,0.0,0,3
987,kan,4.2.1.2.2.1.1,2.0408163265306123,3,144
988,kan,4.2.1.2.2.1.2,0.0,0,24
989,kan,4.2.1.2.2.2,0.78125,1,127
990,kan,"4.2.1.2.2.2,4.2.1.1.1.2.2.1",0.0,0,1
991,kan,4.2.2,20.0,6,24
992,kan,"4.2.2,2.2.1.1.1.i3",0.0,0,1
993,kan,4.2.2.1,0.0,0,29
994,kan,"4.2.2.2,2.2.1.1.1.i3",0.0,0,1
995,kan,4.2.2.2.1,2.0050125313283207,8,391
996,kan,"4.2.2.2.1,2.2.1.1.1",0.0,0,3
997,kan,"4.2.2.2.1,2.2.1.1.1.i3",0.0,0,9
998,kan,"4.2.2.2.1,4.2.1.1.1.2.1.1.1",0.0,0,1
999,kan,"4.2.2.2.1,4.2.1.2.1.1.i4.1",0.0,0,2
1000,kan,4.2.2.2.2,0.0,0,159
1001,kan,"4.2.2.2.2,2.2.1.1.1.i3",0.0,0,2
1002,kan,"4.2.2.2.2,4.2.1.1.1.1.1.1.i1",0.0,0,1
1003,kan,"4.2.2.2.2,4.2.1.1.1.1.1.1.i2",0.0,0,1
1004,kan,5,0.0,0,1
1005,kan,6,0.0,0,5
1006,kan,nan,0.0,0,28
1007,kan,unfilled,9.45945945945946,7,67
1008,levo,1.1,0.0,0,3
1009,levo,"1.1,4",0.0,0,1
1010,levo,1.1.1.1.1,7.142857142857143,2,26
1011,levo,"1.1.1.1.1,2.2.1.1.1",0.0,0,3
1012,levo,"1.1.1.1.2,4.2.1.1.1.1.1.1.i2",0.0,0,1
1013,levo,1.1.1.2,0.0,0,55
1014,levo,"1.1.1.2,3.1.1.i1",0.0,0,1
1015,levo,"1.1.1.2,4.2.1.1.1.1.1.1.i2",0.0,0,1
1016,levo,"1.1.1.2.i1,2.2.1.1.1.i3",0.0,0,1
1017,levo,1.1.2,3.5502958579881656,6,163
1018,levo,"1.1.2,2.2.1.1.1",50.0,1,1
1019,levo,"1.1.2,4",0.0,0,1
1020,levo,1.2.1.1.1,0.0,0,29
1021,levo,1.2.1.1.2,0.0,0,7
1022,levo,1.2.1.2,0.0,0,1
1023,levo,"1.2.2,4",0.0,0,2
1024,levo,"1.2.2,4.2.1.1.1.1.1.1.i2",0.0,0,1
1025,levo,1.2.2.1,4.054054054054054,3,71
1026,levo,"1.2.2.1,1.1.2",0.0,0,1
1027,levo,"1.2.2.1,2.2.1.1.1",100.0,1,0
1028,levo,"1.2.2.1,4",0.0,0,1
1029,levo,"1.2.2.1,4.2.1.2.1.1.i3.1,4.1.i1.1.1.1,2.2.1.1.1,4.2.1.2.1.1.i3.2,4.1.i1.1.2,1.1.1.2.i1,3.1.1.i1,4.2.1.1.1.1.1.1.i2",0.0,0,1
1030,levo,1.2.2.2,0.0,0,19
1031,levo,2.1,40.0,2,3
1032,levo,2.2.1,0.0,0,3
1033,levo,2.2.1.1,0.0,0,2
1034,levo,"2.2.1.1,4.2.1.1.1.1.1.1.i2",33.333333333333336,1,2
1035,levo,"2.2.1.1,4.2.2.2.1",100.0,1,0
1036,levo,2.2.1.1.1,12.731092436974789,303,2077
1037,levo,"2.2.1.1.1,2.2.1.1.2",0.0,0,1
1038,levo,"2.2.1.1.1,3.1.1.i1",0.0,0,1
1039,levo,"2.2.1.1.1,4",50.0,1,1
1040,levo,"2.2.1.1.1,4.2.1.1.1.1.1.1.i2",0.0,0,1
1041,levo,"2.2.1.1.1,4.2.1.2.1.1",0.0,0,1
1042,levo,"2.2.1.1.1,4.2.1.2.1.1.i1",0.0,0,6
1043,levo,2.2.1.1.1.i1,11.11111111111111,1,8
1044,levo,2.2.1.1.1.i2,10.0,1,9
1045,levo,2.2.1.1.1.i3,10.981912144702843,85,689
1046,levo,2.2.1.1.2,5.333333333333333,4,71
1047,levo,2.2.1.2,0.0,0,7
1048,levo,"2.2.1.2,3.1,4.2.1.1.1.1.1.1.i2",0.0,0,1
1049,levo,2.2.2,31.07569721115538,78,173
1050,levo,"2.2.2,2.2.1.1.1",0.0,0,1
1051,levo,"2.2.2,3.2.2",0.0,0,1
1052,levo,3,0.0,0,3
1053,levo,"3,4",0.0,0,1
1054,levo,"3,4.2.1.1.1.1.1.1.i2",100.0,1,0
1055,levo,3.1,0.0,0,5
1056,levo,"3.1,4.2.1.1.1.1.1.1.i2",0.0,0,1
1057,levo,3.1.1,13.229571984435797,34,223
1058,levo,"3.1.1,2.2.1.1.1",33.333333333333336,1,2
1059,levo,"3.1.1,4.1.i1.1.1.1",0.0,0,1
1060,levo,"3.1.1,4.2.1.1.1.1.1.1.i2",0.0,0,1
1061,levo,"3.1.1,4.2.1.1.1.2.1.1",0.0,0,1
1062,levo,3.1.1.i1,3.5714285714285716,1,27
1063,levo,3.1.1.i2,10.869565217391305,5,41
1064,levo,3.1.2,0.0,0,4
1065,levo,3.2,0.0,0,1
1066,levo,3.2.1,0.0,0,2
1067,levo,3.2.2,0.0,0,4
1068,levo,4,10.606060606060606,7,59
1069,levo,4.1,0.0,0,1
1070,levo,4.1.i1.1.1,0.0,0,2
1071,levo,4.1.i1.1.1.1,3.937007874015748,20,488
1072,levo,"4.1.i1.1.1.1,2.2.1.1.1",0.0,0,5
1073,levo,"4.1.i1.1.1.1,2.2.1.1.1.i3",0.0,0,3
1074,levo,"4.1.i1.1.1.1,4.2.1.2.1.1.i4.1",0.0,0,3
1075,levo,"4.1.i1.1.1.1,4.2.1.2.2.1",0.0,0,1
1076,levo,"4.1.i1.1.1.1,4.2.2.2.1",0.0,0,1
1077,levo,4.1.i1.1.1.2,14.285714285714286,1,6
1078,levo,4.1.i1.1.2,20.0,1,4
1079,levo,4.1.i1.2.1,8.296943231441048,19,210
1080,levo,"4.1.i1.2.1,2.2.1.1.1",0.0,0,3
1081,levo,4.1.i1.2.2,0.0,0,5
1082,levo,4.1.i2.1,0.0,0,21
1083,levo,"4.1.i2.1,4.2.1.2.1.1.i1",0.0,0,1
1084,levo,4.1.i2.2,0.0,0,2
1085,levo,4.2.1.1.1.1.1.1.i1,4.305283757338552,22,489
1086,levo,"4.2.1.1.1.1.1.1.i1,1.2.1.1.1",0.0,0,1
1087,levo,"4.2.1.1.1.1.1.1.i1,2.2",0.0,0,1
1088,levo,"4.2.1.1.1.1.1.1.i1,2.2.1",0.0,0,1
1089,levo,"4.2.1.1.1.1.1.1.i1,2.2.1.1.1",0.0,0,1
1090,levo,"4.2.1.1.1.1.1.1.i1,2.2.1.1.1.i3",0.0,0,7
1091,levo,"4.2.1.1.1.1.1.1.i1,4.1.i1.1.1.1",0.0,0,4
1092,levo,"4.2.1.1.1.1.1.1.i1,4.2.1.1.1.1.1.1.i2",0.0,0,1
1093,levo,"4.2.1.1.1.1.1.1.i1,4.2.1.2.1.1.i1",0.0,0,2
1094,levo,"4.2.1.1.1.1.1.1.i1,4.2.1.2.1.1.i4.1",0.0,0,2
1095,levo,"4.2.1.1.1.1.1.1.i1,4.2.2",0.0,0,1
1096,levo,"4.2.1.1.1.1.1.1.i1,4.2.2.2.1,2.2.1.1.1.i3",0.0,0,1
1097,levo,4.2.1.1.1.1.1.1.i2,7.766990291262136,8,95
1098,levo,4.2.1.1.1.1.1.2,0.0,0,1
1099,levo,4.2.1.1.1.1.2,0.0,0,36
1100,levo,4.2.1.1.1.2.1.1.1.1.1,4.761904761904762,1,20
1101,levo,4.2.1.1.1.2.1.1.1.1.2,0.0,0,10
1102,levo,4.2.1.1.1.2.1.1.2,0.0,0,29
1103,levo,4.2.1.1.1.2.1.2,0.0,0,2
1104,levo,"4.2.1.1.1.2.2,3.1.1.i1",0.0,0,1
1105,levo,4.2.1.1.1.2.2.1.1.1.1,0.0,0,8
1106,levo,4.2.1.1.1.2.2.1.1.1.2,0.0,0,8
1107,levo,"4.2.1.1.1.2.2.1.1.1.2,4.2.1.1.1.2.2.1.2,1.1.1.2.i1,3.1,4.2.1.1.1.1.1.1.i2",0.0,0,1
1108,levo,4.2.1.1.1.2.2.1.1.2,0.0,0,3
1109,levo,4.2.1.1.1.2.2.1.2,25.0,2,6
1110,levo,"4.2.1.1.1.2.2.1.2,4.2.1.2.1.1.i3.2",100.0,1,0
1111,levo,4.2.1.1.1.2.2.2,0.0,0,1
1112,levo,4.2.1.1.2,4.651162790697675,6,123
1113,levo,"4.2.1.1.2,4.2.1.1.1.1.1.1.i2",0.0,0,2
1114,levo,4.2.1.2.1.1,0.0,0,1
1115,levo,4.2.1.2.1.1.i1,3.0303030303030303,4,128
1116,levo,4.2.1.2.1.1.i2,0.0,0,10
1117,levo,4.2.1.2.1.1.i3,0.0,0,1
1118,levo,4.2.1.2.1.1.i3.1,16.783216783216783,24,119
1119,levo,"4.2.1.2.1.1.i3.1,2.2.1.1.1",100.0,1,0
1120,levo,"4.2.1.2.1.1.i3.1,4.2.1.1.1.1.2,4.1.i1.1.1.1,4.2.1.2.1.1.i4.1,2.2.1.1.1",100.0,1,0
1121,levo,4.2.1.2.1.1.i3.2,2.7027027027027026,3,108
1122,levo,"4.2.1.2.1.1.i4,2.2.1.1.1.i3,4.2.1.1.1.1.1.1.i2",0.0,0,1
1123,levo,4.2.1.2.1.1.i4.1,14.185639229422067,81,490
1124,levo,"4.2.1.2.1.1.i4.1,2.2.1.1.1.i3",0.0,0,1
1125,levo,"4.2.1.2.1.1.i4.1,4.1.i1.1",0.0,0,1
1126,levo,"4.2.1.2.1.1.i4.1,4.2.1.2.1.1.i1",0.0,0,1
1127,levo,4.2.1.2.1.1.i4.2,0.0,0,6
1128,levo,4.2.1.2.1.2,0.0,0,4
1129,levo,"4.2.1.2.1.2,4.2.1.1.1.2.2.1.1.1.2,4.1.i1.2.2,4.1.i1.1,1.1.1.2.i1,3.1,4.2.1.1.1.2.1.1.1,4.2.1.1.1.1.1.1.i2",0.0,0,1
1130,levo,4.2.1.2.2.1,0.0,0,3
1131,levo,4.2.1.2.2.1.1,14.965986394557824,22,125
1132,levo,4.2.1.2.2.1.2,4.166666666666667,1,23
1133,levo,4.2.1.2.2.2,3.90625,5,123
1134,levo,"4.2.1.2.2.2,4.2.1.1.1.2.2.1",0.0,0,1
1135,levo,4.2.2,6.666666666666667,2,28
1136,levo,"4.2.2,2.2.1.1.1.i3",0.0,0,1
1137,levo,4.2.2.1,6.896551724137931,2,27
1138,levo,"4.2.2.2,2.2.1.1.1.i3",0.0,0,1
1139,levo,4.2.2.2.1,13.784461152882205,55,344
1140,levo,"4.2.2.2.1,2.2.1.1.1",0.0,0,3
1141,levo,"4.2.2.2.1,2.2.1.1.1.i3",33.333333333333336,3,6
1142,levo,"4.2.2.2.1,4.2.1.1.1.2.1.1.1",0.0,0,1
1143,levo,"4.2.2.2.1,4.2.1.2.1.1.i4.1",50.0,1,1
1144,levo,4.2.2.2.2,0.0,0,159
1145,levo,"4.2.2.2.2,2.2.1.1.1.i3",0.0,0,2
1146,levo,"4.2.2.2.2,4.2.1.1.1.1.1.1.i1",0.0,0,1
1147,levo,"4.2.2.2.2,4.2.1.1.1.1.1.1.i2",0.0,0,1
1148,levo,5,0.0,0,1
1149,levo,6,40.0,2,3
1150,levo,nan,0.0,0,28
1151,levo,unfilled,20.27027027027027,15,59
1152,oflx,1.1,0.0,0,3
1153,oflx,"1.1,4",0.0,0,1
1154,oflx,1.1.1.1.1,7.142857142857143,2,26
1155,oflx,"1.1.1.1.1,2.2.1.1.1",0.0,0,3
1156,oflx,"1.1.1.1.2,4.2.1.1.1.1.1.1.i2",0.0,0,1
1157,oflx,1.1.1.2,0.0,0,55
1158,oflx,"1.1.1.2,3.1.1.i1",0.0,0,1
1159,oflx,"1.1.1.2,4.2.1.1.1.1.1.1.i2",0.0,0,1
1160,oflx,"1.1.1.2.i1,2.2.1.1.1.i3",0.0,0,1
1161,oflx,1.1.2,3.5502958579881656,6,163
1162,oflx,"1.1.2,2.2.1.1.1",50.0,1,1
1163,oflx,"1.1.2,4",0.0,0,1
1164,oflx,1.2.1.1.1,0.0,0,29
1165,oflx,1.2.1.1.2,0.0,0,7
1166,oflx,1.2.1.2,0.0,0,1
1167,oflx,"1.2.2,4",0.0,0,2
1168,oflx,"1.2.2,4.2.1.1.1.1.1.1.i2",0.0,0,1
1169,oflx,1.2.2.1,4.054054054054054,3,71
1170,oflx,"1.2.2.1,1.1.2",0.0,0,1
1171,oflx,"1.2.2.1,2.2.1.1.1",100.0,1,0
1172,oflx,"1.2.2.1,4",0.0,0,1
1173,oflx,"1.2.2.1,4.2.1.2.1.1.i3.1,4.1.i1.1.1.1,2.2.1.1.1,4.2.1.2.1.1.i3.2,4.1.i1.1.2,1.1.1.2.i1,3.1.1.i1,4.2.1.1.1.1.1.1.i2",0.0,0,1
1174,oflx,1.2.2.2,0.0,0,19
1175,oflx,2.1,40.0,2,3
1176,oflx,2.2.1,0.0,0,3
1177,oflx,2.2.1.1,0.0,0,2
1178,oflx,"2.2.1.1,4.2.1.1.1.1.1.1.i2",33.333333333333336,1,2
1179,oflx,"2.2.1.1,4.2.2.2.1",100.0,1,0
1180,oflx,2.2.1.1.1,12.605042016806722,300,2080
1181,oflx,"2.2.1.1.1,2.2.1.1.2",0.0,0,1
1182,oflx,"2.2.1.1.1,3.1.1.i1",0.0,0,1
1183,oflx,"2.2.1.1.1,4",50.0,1,1
1184,oflx,"2.2.1.1.1,4.2.1.1.1.1.1.1.i2",0.0,0,1
1185,oflx,"2.2.1.1.1,4.2.1.2.1.1",0.0,0,1
1186,oflx,"2.2.1.1.1,4.2.1.2.1.1.i1",0.0,0,6
1187,oflx,2.2.1.1.1.i1,11.11111111111111,1,8
1188,oflx,2.2.1.1.1.i2,10.0,1,9
1189,oflx,2.2.1.1.1.i3,11.24031007751938,87,687
1190,oflx,2.2.1.1.2,5.333333333333333,4,71
1191,oflx,2.2.1.2,0.0,0,7
1192,oflx,"2.2.1.2,3.1,4.2.1.1.1.1.1.1.i2",0.0,0,1
1193,oflx,2.2.2,31.872509960159363,80,171
1194,oflx,"2.2.2,2.2.1.1.1",0.0,0,1
1195,oflx,"2.2.2,3.2.2",0.0,0,1
1196,oflx,3,0.0,0,3
1197,oflx,"3,4",0.0,0,1
1198,oflx,"3,4.2.1.1.1.1.1.1.i2",100.0,1,0
1199,oflx,3.1,0.0,0,5
1200,oflx,"3.1,4.2.1.1.1.1.1.1.i2",0.0,0,1
1201,oflx,3.1.1,12.45136186770428,32,225
1202,oflx,"3.1.1,2.2.1.1.1",33.333333333333336,1,2
1203,oflx,"3.1.1,4.1.i1.1.1.1",0.0,0,1
1204,oflx,"3.1.1,4.2.1.1.1.1.1.1.i2",0.0,0,1
1205,oflx,"3.1.1,4.2.1.1.1.2.1.1",0.0,0,1
1206,oflx,3.1.1.i1,3.5714285714285716,1,27
1207,oflx,3.1.1.i2,10.869565217391305,5,41
1208,oflx,3.1.2,0.0,0,4
1209,oflx,3.2,0.0,0,1
1210,oflx,3.2.1,0.0,0,2
1211,oflx,3.2.2,0.0,0,4
1212,oflx,4,9.090909090909092,6,60
1213,oflx,4.1,0.0,0,1
1214,oflx,4.1.i1.1.1,0.0,0,2
1215,oflx,4.1.i1.1.1.1,3.937007874015748,20,488
1216,oflx,"4.1.i1.1.1.1,2.2.1.1.1",0.0,0,5
1217,oflx,"4.1.i1.1.1.1,2.2.1.1.1.i3",0.0,0,3
1218,oflx,"4.1.i1.1.1.1,4.2.1.2.1.1.i4.1",0.0,0,3
1219,oflx,"4.1.i1.1.1.1,4.2.1.2.2.1",0.0,0,1
1220,oflx,"4.1.i1.1.1.1,4.2.2.2.1",0.0,0,1
1221,oflx,4.1.i1.1.1.2,0.0,0,7
1222,oflx,4.1.i1.1.2,20.0,1,4
1223,oflx,4.1.i1.2.1,7.860262008733624,18,211
1224,oflx,"4.1.i1.2.1,2.2.1.1.1",0.0,0,3
1225,oflx,4.1.i1.2.2,0.0,0,5
1226,oflx,4.1.i2.1,0.0,0,21
1227,oflx,"4.1.i2.1,4.2.1.2.1.1.i1",0.0,0,1
1228,oflx,4.1.i2.2,0.0,0,2
1229,oflx,4.2.1.1.1.1.1.1.i1,4.305283757338552,22,489
1230,oflx,"4.2.1.1.1.1.1.1.i1,1.2.1.1.1",0.0,0,1
1231,oflx,"4.2.1.1.1.1.1.1.i1,2.2",0.0,0,1
1232,oflx,"4.2.1.1.1.1.1.1.i1,2.2.1",0.0,0,1
1233,oflx,"4.2.1.1.1.1.1.1.i1,2.2.1.1.1",0.0,0,1
1234,oflx,"4.2.1.1.1.1.1.1.i1,2.2.1.1.1.i3",0.0,0,7
1235,oflx,"4.2.1.1.1.1.1.1.i1,4.1.i1.1.1.1",0.0,0,4
1236,oflx,"4.2.1.1.1.1.1.1.i1,4.2.1.1.1.1.1.1.i2",0.0,0,1
1237,oflx,"4.2.1.1.1.1.1.1.i1,4.2.1.2.1.1.i1",0.0,0,2
1238,oflx,"4.2.1.1.1.1.1.1.i1,4.2.1.2.1.1.i4.1",0.0,0,2
1239,oflx,"4.2.1.1.1.1.1.1.i1,4.2.2",0.0,0,1
1240,oflx,"4.2.1.1.1.1.1.1.i1,4.2.2.2.1,2.2.1.1.1.i3",0.0,0,1
1241,oflx,4.2.1.1.1.1.1.1.i2,7.766990291262136,8,95
1242,oflx,4.2.1.1.1.1.1.2,0.0,0,1
1243,oflx,4.2.1.1.1.1.2,0.0,0,36
1244,oflx,4.2.1.1.1.2.1.1.1.1.1,4.761904761904762,1,20
1245,oflx,4.2.1.1.1.2.1.1.1.1.2,0.0,0,10
1246,oflx,4.2.1.1.1.2.1.1.2,0.0,0,29
1247,oflx,4.2.1.1.1.2.1.2,0.0,0,2
1248,oflx,"4.2.1.1.1.2.2,3.1.1.i1",0.0,0,1
1249,oflx,4.2.1.1.1.2.2.1.1.1.1,0.0,0,8
1250,oflx,4.2.1.1.1.2.2.1.1.1.2,0.0,0,8
1251,oflx,"4.2.1.1.1.2.2.1.1.1.2,4.2.1.1.1.2.2.1.2,1.1.1.2.i1,3.1,4.2.1.1.1.1.1.1.i2",0.0,0,1
1252,oflx,4.2.1.1.1.2.2.1.1.2,0.0,0,3
1253,oflx,4.2.1.1.1.2.2.1.2,25.0,2,6
1254,oflx,"4.2.1.1.1.2.2.1.2,4.2.1.2.1.1.i3.2",100.0,1,0
1255,oflx,4.2.1.1.1.2.2.2,0.0,0,1
1256,oflx,4.2.1.1.2,4.651162790697675,6,123
1257,oflx,"4.2.1.1.2,4.2.1.1.1.1.1.1.i2",0.0,0,2
1258,oflx,4.2.1.2.1.1,0.0,0,1
1259,oflx,4.2.1.2.1.1.i1,3.787878787878788,5,127
1260,oflx,4.2.1.2.1.1.i2,0.0,0,10
1261,oflx,4.2.1.2.1.1.i3,0.0,0,1
1262,oflx,4.2.1.2.1.1.i3.1,16.783216783216783,24,119
1263,oflx,"4.2.1.2.1.1.i3.1,2.2.1.1.1",100.0,1,0
1264,oflx,"4.2.1.2.1.1.i3.1,4.2.1.1.1.1.2,4.1.i1.1.1.1,4.2.1.2.1.1.i4.1,2.2.1.1.1",100.0,1,0
1265,oflx,4.2.1.2.1.1.i3.2,2.7027027027027026,3,108
1266,oflx,"4.2.1.2.1.1.i4,2.2.1.1.1.i3,4.2.1.1.1.1.1.1.i2",0.0,0,1
1267,oflx,4.2.1.2.1.1.i4.1,14.010507880910684,80,491
1268,oflx,"4.2.1.2.1.1.i4.1,2.2.1.1.1.i3",0.0,0,1
1269,oflx,"4.2.1.2.1.1.i4.1,4.1.i1.1",0.0,0,1
1270,oflx,"4.2.1.2.1.1.i4.1,4.2.1.2.1.1.i1",0.0,0,1
1271,oflx,4.2.1.2.1.1.i4.2,0.0,0,6
1272,oflx,4.2.1.2.1.2,0.0,0,4
1273,oflx,"4.2.1.2.1.2,4.2.1.1.1.2.2.1.1.1.2,4.1.i1.2.2,4.1.i1.1,1.1.1.2.i1,3.1,4.2.1.1.1.2.1.1.1,4.2.1.1.1.1.1.1.i2",0.0,0,1
1274,oflx,4.2.1.2.2.1,0.0,0,3
1275,oflx,4.2.1.2.2.1.1,16.3265306122449,24,123
1276,oflx,4.2.1.2.2.1.2,4.166666666666667,1,23
1277,oflx,4.2.1.2.2.2,3.90625,5,123
1278,oflx,"4.2.1.2.2.2,4.2.1.1.1.2.2.1",0.0,0,1
1279,oflx,4.2.2,6.666666666666667,2,28
1280,oflx,"4.2.2,2.2.1.1.1.i3",0.0,0,1
1281,oflx,4.2.2.1,6.896551724137931,2,27
1282,oflx,"4.2.2.2,2.2.1.1.1.i3",0.0,0,1
1283,oflx,4.2.2.2.1,13.283208020050125,53,346
1284,oflx,"4.2.2.2.1,2.2.1.1.1",0.0,0,3
1285,oflx,"4.2.2.2.1,2.2.1.1.1.i3",33.333333333333336,3,6
1286,oflx,"4.2.2.2.1,4.2.1.1.1.2.1.1.1",0.0,0,1
1287,oflx,"4.2.2.2.1,4.2.1.2.1.1.i4.1",50.0,1,1
1288,oflx,4.2.2.2.2,0.0,0,159
1289,oflx,"4.2.2.2.2,2.2.1.1.1.i3",0.0,0,2
1290,oflx,"4.2.2.2.2,4.2.1.1.1.1.1.1.i1",0.0,0,1
1291,oflx,"4.2.2.2.2,4.2.1.1.1.1.1.1.i2",0.0,0,1
1292,oflx,5,0.0,0,1
1293,oflx,6,40.0,2,3
1294,oflx,nan,0.0,0,28
1295,oflx,unfilled,17.56756756756757,13,61
1296,pas,1.1,0.0,0,3
1297,pas,"1.1,4",0.0,0,1
1298,pas,1.1.1.1.1,0.0,0,28
1299,pas,"1.1.1.1.1,2.2.1.1.1",0.0,0,3
1300,pas,"1.1.1.1.2,4.2.1.1.1.1.1.1.i2",0.0,0,1
1301,pas,1.1.1.2,1.8181818181818181,1,54
1302,pas,"1.1.1.2,3.1.1.i1",0.0,0,1
1303,pas,"1.1.1.2,4.2.1.1.1.1.1.1.i2",0.0,0,1
1304,pas,"1.1.1.2.i1,2.2.1.1.1.i3",0.0,0,1
1305,pas,1.1.2,0.0,0,169
1306,pas,"1.1.2,2.2.1.1.1",0.0,0,2
1307,pas,"1.1.2,4",0.0,0,1
1308,pas,1.2.1.1.1,0.0,0,29
1309,pas,1.2.1.1.2,0.0,0,7
1310,pas,1.2.1.2,0.0,0,1
1311,pas,"1.2.2,4",0.0,0,2
1312,pas,"1.2.2,4.2.1.1.1.1.1.1.i2",0.0,0,1
1313,pas,1.2.2.1,0.0,0,74
1314,pas,"1.2.2.1,1.1.2",0.0,0,1
1315,pas,"1.2.2.1,2.2.1.1.1",0.0,0,1
1316,pas,"1.2.2.1,4",0.0,0,1
1317,pas,"1.2.2.1,4.2.1.2.1.1.i3.1,4.1.i1.1.1.1,2.2.1.1.1,4.2.1.2.1.1.i3.2,4.1.i1.1.2,1.1.1.2.i1,3.1.1.i1,4.2.1.1.1.1.1.1.i2",0.0,0,1
1318,pas,1.2.2.2,0.0,0,19
1319,pas,2.1,0.0,0,5
1320,pas,2.2.1,0.0,0,3
1321,pas,2.2.1.1,0.0,0,2
1322,pas,"2.2.1.1,4.2.1.1.1.1.1.1.i2",0.0,0,3
1323,pas,"2.2.1.1,4.2.2.2.1",0.0,0,1
1324,pas,2.2.1.1.1,0.04201680672268908,1,2379
1325,pas,"2.2.1.1.1,2.2.1.1.2",0.0,0,1
1326,pas,"2.2.1.1.1,3.1.1.i1",0.0,0,1
1327,pas,"2.2.1.1.1,4",0.0,0,2
1328,pas,"2.2.1.1.1,4.2.1.1.1.1.1.1.i2",0.0,0,1
1329,pas,"2.2.1.1.1,4.2.1.2.1.1",0.0,0,1
1330,pas,"2.2.1.1.1,4.2.1.2.1.1.i1",0.0,0,6
1331,pas,2.2.1.1.1.i1,0.0,0,9
1332,pas,2.2.1.1.1.i2,0.0,0,10
1333,pas,2.2.1.1.1.i3,0.0,0,774
1334,pas,2.2.1.1.2,0.0,0,75
1335,pas,2.2.1.2,0.0,0,7
1336,pas,"2.2.1.2,3.1,4.2.1.1.1.1.1.1.i2",0.0,0,1
1337,pas,2.2.2,0.796812749003984,2,249
1338,pas,"2.2.2,2.2.1.1.1",0.0,0,1
1339,pas,"2.2.2,3.2.2",0.0,0,1
1340,pas,3,0.0,0,3
1341,pas,"3,4",0.0,0,1
1342,pas,"3,4.2.1.1.1.1.1.1.i2",0.0,0,1
1343,pas,3.1,0.0,0,5
1344,pas,"3.1,4.2.1.1.1.1.1.1.i2",0.0,0,1
1345,pas,3.1.1,0.0,0,257
1346,pas,"3.1.1,2.2.1.1.1",0.0,0,3
1347,pas,"3.1.1,4.1.i1.1.1.1",0.0,0,1
1348,pas,"3.1.1,4.2.1.1.1.1.1.1.i2",0.0,0,1
1349,pas,"3.1.1,4.2.1.1.1.2.1.1",0.0,0,1
1350,pas,3.1.1.i1,0.0,0,28
1351,pas,3.1.1.i2,0.0,0,46
1352,pas,3.1.2,0.0,0,4
1353,pas,3.2,0.0,0,1
1354,pas,3.2.1,0.0,0,2
1355,pas,3.2.2,0.0,0,4
1356,pas,4,0.0,0,66
1357,pas,4.1,0.0,0,1
1358,pas,4.1.i1.1.1,0.0,0,2
1359,pas,4.1.i1.1.1.1,0.984251968503937,5,503
1360,pas,"4.1.i1.1.1.1,2.2.1.1.1",0.0,0,5
1361,pas,"4.1.i1.1.1.1,2.2.1.1.1.i3",0.0,0,3
1362,pas,"4.1.i1.1.1.1,4.2.1.2.1.1.i4.1",0.0,0,3
1363,pas,"4.1.i1.1.1.1,4.2.1.2.2.1",0.0,0,1
1364,pas,"4.1.i1.1.1.1,4.2.2.2.1",0.0,0,1
1365,pas,4.1.i1.1.1.2,0.0,0,7
1366,pas,4.1.i1.1.2,0.0,0,5
1367,pas,4.1.i1.2.1,5.676855895196507,13,216
1368,pas,"4.1.i1.2.1,2.2.1.1.1",0.0,0,3
1369,pas,4.1.i1.2.2,0.0,0,5
1370,pas,4.1.i2.1,0.0,0,21
1371,pas,"4.1.i2.1,4.2.1.2.1.1.i1",0.0,0,1
1372,pas,4.1.i2.2,0.0,0,2
1373,pas,4.2.1.1.1.1.1.1.i1,1.761252446183953,9,502
1374,pas,"4.2.1.1.1.1.1.1.i1,1.2.1.1.1",0.0,0,1
1375,pas,"4.2.1.1.1.1.1.1.i1,2.2",0.0,0,1
1376,pas,"4.2.1.1.1.1.1.1.i1,2.2.1",0.0,0,1
1377,pas,"4.2.1.1.1.1.1.1.i1,2.2.1.1.1",0.0,0,1
1378,pas,"4.2.1.1.1.1.1.1.i1,2.2.1.1.1.i3",0.0,0,7
1379,pas,"4.2.1.1.1.1.1.1.i1,4.1.i1.1.1.1",0.0,0,4
1380,pas,"4.2.1.1.1.1.1.1.i1,4.2.1.1.1.1.1.1.i2",0.0,0,1
1381,pas,"4.2.1.1.1.1.1.1.i1,4.2.1.2.1.1.i1",0.0,0,2
1382,pas,"4.2.1.1.1.1.1.1.i1,4.2.1.2.1.1.i4.1",0.0,0,2
1383,pas,"4.2.1.1.1.1.1.1.i1,4.2.2",0.0,0,1
1384,pas,"4.2.1.1.1.1.1.1.i1,4.2.2.2.1,2.2.1.1.1.i3",0.0,0,1
1385,pas,4.2.1.1.1.1.1.1.i2,0.0,0,103
1386,pas,4.2.1.1.1.1.1.2,0.0,0,1
1387,pas,4.2.1.1.1.1.2,0.0,0,36
1388,pas,4.2.1.1.1.2.1.1.1.1.1,0.0,0,21
1389,pas,4.2.1.1.1.2.1.1.1.1.2,0.0,0,10
1390,pas,4.2.1.1.1.2.1.1.2,0.0,0,29
1391,pas,4.2.1.1.1.2.1.2,0.0,0,2
1392,pas,"4.2.1.1.1.2.2,3.1.1.i1",0.0,0,1
1393,pas,4.2.1.1.1.2.2.1.1.1.1,0.0,0,8
1394,pas,4.2.1.1.1.2.2.1.1.1.2,0.0,0,8
1395,pas,"4.2.1.1.1.2.2.1.1.1.2,4.2.1.1.1.2.2.1.2,1.1.1.2.i1,3.1,4.2.1.1.1.1.1.1.i2",0.0,0,1
1396,pas,4.2.1.1.1.2.2.1.1.2,0.0,0,3
1397,pas,4.2.1.1.1.2.2.1.2,0.0,0,8
1398,pas,"4.2.1.1.1.2.2.1.2,4.2.1.2.1.1.i3.2",0.0,0,1
1399,pas,4.2.1.1.1.2.2.2,0.0,0,1
1400,pas,4.2.1.1.2,0.0,0,129
1401,pas,"4.2.1.1.2,4.2.1.1.1.1.1.1.i2",0.0,0,2
1402,pas,4.2.1.2.1.1,0.0,0,1
1403,pas,4.2.1.2.1.1.i1,0.0,0,132
1404,pas,4.2.1.2.1.1.i2,0.0,0,10
1405,pas,4.2.1.2.1.1.i3,0.0,0,1
1406,pas,4.2.1.2.1.1.i3.1,0.0,0,143
1407,pas,"4.2.1.2.1.1.i3.1,2.2.1.1.1",0.0,0,1
1408,pas,"4.2.1.2.1.1.i3.1,4.2.1.1.1.1.2,4.1.i1.1.1.1,4.2.1.2.1.1.i4.1,2.2.1.1.1",0.0,0,1
1409,pas,4.2.1.2.1.1.i3.2,0.0,0,111
1410,pas,"4.2.1.2.1.1.i4,2.2.1.1.1.i3,4.2.1.1.1.1.1.1.i2",0.0,0,1
1411,pas,4.2.1.2.1.1.i4.1,0.0,0,571
1412,pas,"4.2.1.2.1.1.i4.1,2.2.1.1.1.i3",0.0,0,1
1413,pas,"4.2.1.2.1.1.i4.1,4.1.i1.1",0.0,0,1
1414,pas,"4.2.1.2.1.1.i4.1,4.2.1.2.1.1.i1",0.0,0,1
1415,pas,4.2.1.2.1.1.i4.2,0.0,0,6
1416,pas,4.2.1.2.1.2,0.0,0,4
1417,pas,"4.2.1.2.1.2,4.2.1.1.1.2.2.1.1.1.2,4.1.i1.2.2,4.1.i1.1,1.1.1.2.i1,3.1,4.2.1.1.1.2.1.1.1,4.2.1.1.1.1.1.1.i2",0.0,0,1
1418,pas,4.2.1.2.2.1,0.0,0,3
1419,pas,4.2.1.2.2.1.1,0.0,0,147
1420,pas,4.2.1.2.2.1.2,0.0,0,24
1421,pas,4.2.1.2.2.2,0.0,0,128
1422,pas,"4.2.1.2.2.2,4.2.1.1.1.2.2.1",0.0,0,1
1423,pas,4.2.2,3.3333333333333335,1,29
1424,pas,"4.2.2,2.2.1.1.1.i3",0.0,0,1
1425,pas,4.2.2.1,0.0,0,29
1426,pas,"4.2.2.2,2.2.1.1.1.i3",0.0,0,1
1427,pas,4.2.2.2.1,0.0,0,399
1428,pas,"4.2.2.2.1,2.2.1.1.1",0.0,0,3
1429,pas,"4.2.2.2.1,2.2.1.1.1.i3",0.0,0,9
1430,pas,"4.2.2.2.1,4.2.1.1.1.2.1.1.1",0.0,0,1
1431,pas,"4.2.2.2.1,4.2.1.2.1.1.i4.1",0.0,0,2
1432,pas,4.2.2.2.2,0.0,0,159
1433,pas,"4.2.2.2.2,2.2.1.1.1.i3",0.0,0,2
1434,pas,"4.2.2.2.2,4.2.1.1.1.1.1.1.i1",0.0,0,1
1435,pas,"4.2.2.2.2,4.2.1.1.1.1.1.1.i2",0.0,0,1
1436,pas,5,0.0,0,1
1437,pas,6,0.0,0,5
1438,pas,nan,0.0,0,28
1439,pas,unfilled,1.3513513513513513,1,73
1440,pza,1.1,33.333333333333336,1,2
1441,pza,"1.1,4",0.0,0,1
1442,pza,1.1.1.1.1,3.5714285714285716,1,27
1443,pza,"1.1.1.1.1,2.2.1.1.1",0.0,0,3
1444,pza,"1.1.1.1.2,4.2.1.1.1.1.1.1.i2",0.0,0,1
1445,pza,1.1.1.2,0.0,0,55
1446,pza,"1.1.1.2,3.1.1.i1",0.0,0,1
1447,pza,"1.1.1.2,4.2.1.1.1.1.1.1.i2",0.0,0,1
1448,pza,"1.1.1.2.i1,2.2.1.1.1.i3",0.0,0,1
1449,pza,1.1.2,4.733727810650888,8,161
1450,pza,"1.1.2,2.2.1.1.1",0.0,0,2
1451,pza,"1.1.2,4",0.0,0,1
1452,pza,1.2.1.1.1,0.0,0,29
1453,pza,1.2.1.1.2,0.0,0,7
1454,pza,1.2.1.2,0.0,0,1
1455,pza,"1.2.2,4",0.0,0,2
1456,pza,"1.2.2,4.2.1.1.1.1.1.1.i2",0.0,0,1
1457,pza,1.2.2.1,27.027027027027028,20,54
1458,pza,"1.2.2.1,1.1.2",0.0,0,1
1459,pza,"1.2.2.1,2.2.1.1.1",100.0,1,0
1460,pza,"1.2.2.1,4",0.0,0,1
1461,pza,"1.2.2.1,4.2.1.2.1.1.i3.1,4.1.i1.1.1.1,2.2.1.1.1,4.2.1.2.1.1.i3.2,4.1.i1.1.2,1.1.1.2.i1,3.1.1.i1,4.2.1.1.1.1.1.1.i2",0.0,0,1
1462,pza,1.2.2.2,5.2631578947368425,1,18
1463,pza,2.1,40.0,2,3
1464,pza,2.2.1,0.0,0,3
1465,pza,2.2.1.1,0.0,0,2
1466,pza,"2.2.1.1,4.2.1.1.1.1.1.1.i2",0.0,0,3
1467,pza,"2.2.1.1,4.2.2.2.1",0.0,0,1
1468,pza,2.2.1.1.1,10.798319327731093,257,2123
1469,pza,"2.2.1.1.1,2.2.1.1.2",0.0,0,1
1470,pza,"2.2.1.1.1,3.1.1.i1",0.0,0,1
1471,pza,"2.2.1.1.1,4",0.0,0,2
1472,pza,"2.2.1.1.1,4.2.1.1.1.1.1.1.i2",0.0,0,1
1473,pza,"2.2.1.1.1,4.2.1.2.1.1",0.0,0,1
1474,pza,"2.2.1.1.1,4.2.1.2.1.1.i1",0.0,0,6
1475,pza,2.2.1.1.1.i1,0.0,0,9
1476,pza,2.2.1.1.1.i2,20.0,2,8
1477,pza,2.2.1.1.1.i3,13.565891472868216,105,669
1478,pza,2.2.1.1.2,2.6666666666666665,2,73
1479,pza,2.2.1.2,28.571428571428573,2,5
1480,pza,"2.2.1.2,3.1,4.2.1.1.1.1.1.1.i2",0.0,0,1
1481,pza,2.2.2,53.78486055776892,135,116
1482,pza,"2.2.2,2.2.1.1.1",0.0,0,1
1483,pza,"2.2.2,3.2.2",0.0,0,1
1484,pza,3,0.0,0,3
1485,pza,"3,4",0.0,0,1
1486,pza,"3,4.2.1.1.1.1.1.1.i2",0.0,0,1
1487,pza,3.1,0.0,0,5
1488,pza,"3.1,4.2.1.1.1.1.1.1.i2",0.0,0,1
1489,pza,3.1.1,16.731517509727627,43,214
1490,pza,"3.1.1,2.2.1.1.1",33.333333333333336,1,2
1491,pza,"3.1.1,4.1.i1.1.1.1",0.0,0,1
1492,pza,"3.1.1,4.2.1.1.1.1.1.1.i2",0.0,0,1
1493,pza,"3.1.1,4.2.1.1.1.2.1.1",0.0,0,1
1494,pza,3.1.1.i1,14.285714285714286,4,24
1495,pza,3.1.1.i2,6.521739130434782,3,43
1496,pza,3.1.2,0.0,0,4
1497,pza,3.2,0.0,0,1
1498,pza,3.2.1,0.0,0,2
1499,pza,3.2.2,0.0,0,4
1500,pza,4,13.636363636363637,9,57
1501,pza,4.1,0.0,0,1
1502,pza,4.1.i1.1.1,0.0,0,2
1503,pza,4.1.i1.1.1.1,7.874015748031496,40,468
1504,pza,"4.1.i1.1.1.1,2.2.1.1.1",20.0,1,4
1505,pza,"4.1.i1.1.1.1,2.2.1.1.1.i3",0.0,0,3
1506,pza,"4.1.i1.1.1.1,4.2.1.2.1.1.i4.1",66.66666666666667,2,1
1507,pza,"4.1.i1.1.1.1,4.2.1.2.2.1",0.0,0,1
1508,pza,"4.1.i1.1.1.1,4.2.2.2.1",0.0,0,1
1509,pza,4.1.i1.1.1.2,0.0,0,7
1510,pza,4.1.i1.1.2,0.0,0,5
1511,pza,4.1.i1.2.1,11.353711790393014,26,203
1512,pza,"4.1.i1.2.1,2.2.1.1.1",0.0,0,3
1513,pza,4.1.i1.2.2,0.0,0,5
1514,pza,4.1.i2.1,23.80952380952381,5,16
1515,pza,"4.1.i2.1,4.2.1.2.1.1.i1",0.0,0,1
1516,pza,4.1.i2.2,50.0,1,1
1517,pza,4.2.1.1.1.1.1.1.i1,4.892367906066537,25,486
1518,pza,"4.2.1.1.1.1.1.1.i1,1.2.1.1.1",0.0,0,1
1519,pza,"4.2.1.1.1.1.1.1.i1,2.2",0.0,0,1
1520,pza,"4.2.1.1.1.1.1.1.i1,2.2.1",0.0,0,1
1521,pza,"4.2.1.1.1.1.1.1.i1,2.2.1.1.1",0.0,0,1
1522,pza,"4.2.1.1.1.1.1.1.i1,2.2.1.1.1.i3",0.0,0,7
1523,pza,"4.2.1.1.1.1.1.1.i1,4.1.i1.1.1.1",0.0,0,4
1524,pza,"4.2.1.1.1.1.1.1.i1,4.2.1.1.1.1.1.1.i2",0.0,0,1
1525,pza,"4.2.1.1.1.1.1.1.i1,4.2.1.2.1.1.i1",0.0,0,2
1526,pza,"4.2.1.1.1.1.1.1.i1,4.2.1.2.1.1.i4.1",0.0,0,2
1527,pza,"4.2.1.1.1.1.1.1.i1,4.2.2",100.0,1,0
1528,pza,"4.2.1.1.1.1.1.1.i1,4.2.2.2.1,2.2.1.1.1.i3",0.0,0,1
1529,pza,4.2.1.1.1.1.1.1.i2,12.62135922330097,13,90
1530,pza,4.2.1.1.1.1.1.2,0.0,0,1
1531,pza,4.2.1.1.1.1.2,13.88888888888889,5,31
1532,pza,4.2.1.1.1.2.1.1.1.1.1,4.761904761904762,1,20
1533,pza,4.2.1.1.1.2.1.1.1.1.2,10.0,1,9
1534,pza,4.2.1.1.1.2.1.1.2,0.0,0,29
1535,pza,4.2.1.1.1.2.1.2,0.0,0,2
1536,pza,"4.2.1.1.1.2.2,3.1.1.i1",0.0,0,1
1537,pza,4.2.1.1.1.2.2.1.1.1.1,0.0,0,8
1538,pza,4.2.1.1.1.2.2.1.1.1.2,25.0,2,6
1539,pza,"4.2.1.1.1.2.2.1.1.1.2,4.2.1.1.1.2.2.1.2,1.1.1.2.i1,3.1,4.2.1.1.1.1.1.1.i2",100.0,1,0
1540,pza,4.2.1.1.1.2.2.1.1.2,0.0,0,3
1541,pza,4.2.1.1.1.2.2.1.2,100.0,8,0
1542,pza,"4.2.1.1.1.2.2.1.2,4.2.1.2.1.1.i3.2",100.0,1,0
1543,pza,4.2.1.1.1.2.2.2,0.0,0,1
1544,pza,4.2.1.1.2,3.10077519379845,4,125
1545,pza,"4.2.1.1.2,4.2.1.1.1.1.1.1.i2",0.0,0,2
1546,pza,4.2.1.2.1.1,0.0,0,1
1547,pza,4.2.1.2.1.1.i1,2.272727272727273,3,129
1548,pza,4.2.1.2.1.1.i2,10.0,1,9
1549,pza,4.2.1.2.1.1.i3,0.0,0,1
1550,pza,4.2.1.2.1.1.i3.1,13.986013986013987,20,123
1551,pza,"4.2.1.2.1.1.i3.1,2.2.1.1.1",100.0,1,0
1552,pza,"4.2.1.2.1.1.i3.1,4.2.1.1.1.1.2,4.1.i1.1.1.1,4.2.1.2.1.1.i4.1,2.2.1.1.1",100.0,1,0
1553,pza,4.2.1.2.1.1.i3.2,7.207207207207207,8,103
1554,pza,"4.2.1.2.1.1.i4,2.2.1.1.1.i3,4.2.1.1.1.1.1.1.i2",0.0,0,1
1555,pza,4.2.1.2.1.1.i4.1,14.8861646234676,85,486
1556,pza,"4.2.1.2.1.1.i4.1,2.2.1.1.1.i3",0.0,0,1
1557,pza,"4.2.1.2.1.1.i4.1,4.1.i1.1",0.0,0,1
1558,pza,"4.2.1.2.1.1.i4.1,4.2.1.2.1.1.i1",100.0,1,0
1559,pza,4.2.1.2.1.1.i4.2,0.0,0,6
1560,pza,4.2.1.2.1.2,0.0,0,4
1561,pza,"4.2.1.2.1.2,4.2.1.1.1.2.2.1.1.1.2,4.1.i1.2.2,4.1.i1.1,1.1.1.2.i1,3.1,4.2.1.1.1.2.1.1.1,4.2.1.1.1.1.1.1.i2",0.0,0,1
1562,pza,4.2.1.2.2.1,0.0,0,3
1563,pza,4.2.1.2.2.1.1,19.727891156462587,29,118
1564,pza,4.2.1.2.2.1.2,0.0,0,24
1565,pza,4.2.1.2.2.2,3.125,4,124
1566,pza,"4.2.1.2.2.2,4.2.1.1.1.2.2.1",0.0,0,1
1567,pza,4.2.2,20.0,6,24
1568,pza,"4.2.2,2.2.1.1.1.i3",100.0,1,0
1569,pza,4.2.2.1,6.896551724137931,2,27
1570,pza,"4.2.2.2,2.2.1.1.1.i3",0.0,0,1
1571,pza,4.2.2.2.1,11.779448621553884,47,352
1572,pza,"4.2.2.2.1,2.2.1.1.1",0.0,0,3
1573,pza,"4.2.2.2.1,2.2.1.1.1.i3",11.11111111111111,1,8
1574,pza,"4.2.2.2.1,4.2.1.1.1.2.1.1.1",0.0,0,1
1575,pza,"4.2.2.2.1,4.2.1.2.1.1.i4.1",50.0,1,1
1576,pza,4.2.2.2.2,0.0,0,159
1577,pza,"4.2.2.2.2,2.2.1.1.1.i3",100.0,2,0
1578,pza,"4.2.2.2.2,4.2.1.1.1.1.1.1.i1",0.0,0,1
1579,pza,"4.2.2.2.2,4.2.1.1.1.1.1.1.i2",0.0,0,1
1580,pza,5,0.0,0,1
1581,pza,6,0.0,0,5
1582,pza,nan,75.0,21,7
1583,pza,unfilled,33.78378378378378,25,49
1584,rif,1.1,33.333333333333336,1,2
1585,rif,"1.1,4",0.0,0,1
1586,rif,1.1.1.1.1,14.285714285714286,4,24
1587,rif,"1.1.1.1.1,2.2.1.1.1",33.333333333333336,1,2
1588,rif,"1.1.1.1.2,4.2.1.1.1.1.1.1.i2",0.0,0,1
1589,rif,1.1.1.2,7.2727272727272725,4,51
1590,rif,"1.1.1.2,3.1.1.i1",0.0,0,1
1591,rif,"1.1.1.2,4.2.1.1.1.1.1.1.i2",0.0,0,1
1592,rif,"1.1.1.2.i1,2.2.1.1.1.i3",0.0,0,1
1593,rif,1.1.2,14.201183431952662,24,145
1594,rif,"1.1.2,2.2.1.1.1",50.0,1,1
1595,rif,"1.1.2,4",0.0,0,1
1596,rif,1.2.1.1.1,6.896551724137931,2,27
1597,rif,1.2.1.1.2,0.0,0,7
1598,rif,1.2.1.2,100.0,1,0
1599,rif,"1.2.2,4",0.0,0,2
1600,rif,"1.2.2,4.2.1.1.1.1.1.1.i2",0.0,0,1
1601,rif,1.2.2.1,37.83783783783784,28,46
1602,rif,"1.2.2.1,1.1.2",0.0,0,1
1603,rif,"1.2.2.1,2.2.1.1.1",100.0,1,0
1604,rif,"1.2.2.1,4",0.0,0,1
1605,rif,"1.2.2.1,4.2.1.2.1.1.i3.1,4.1.i1.1.1.1,2.2.1.1.1,4.2.1.2.1.1.i3.2,4.1.i1.1.2,1.1.1.2.i1,3.1.1.i1,4.2.1.1.1.1.1.1.i2",0.0,0,1
1606,rif,1.2.2.2,5.2631578947368425,1,18
1607,rif,2.1,60.0,3,2
1608,rif,2.2.1,0.0,0,3
1609,rif,2.2.1.1,0.0,0,2
1610,rif,"2.2.1.1,4.2.1.1.1.1.1.1.i2",0.0,0,3
1611,rif,"2.2.1.1,4.2.2.2.1",100.0,1,0
1612,rif,2.2.1.1.1,36.596638655462186,871,1509
1613,rif,"2.2.1.1.1,2.2.1.1.2",100.0,1,0
1614,rif,"2.2.1.1.1,3.1.1.i1",0.0,0,1
1615,rif,"2.2.1.1.1,4",0.0,0,2
1616,rif,"2.2.1.1.1,4.2.1.1.1.1.1.1.i2",0.0,0,1
1617,rif,"2.2.1.1.1,4.2.1.2.1.1",0.0,0,1
1618,rif,"2.2.1.1.1,4.2.1.2.1.1.i1",0.0,0,6
1619,rif,2.2.1.1.1.i1,22.22222222222222,2,7
1620,rif,2.2.1.1.1.i2,50.0,5,5
1621,rif,2.2.1.1.1.i3,40.69767441860465,315,459
1622,rif,2.2.1.1.2,26.666666666666668,20,55
1623,rif,2.2.1.2,42.857142857142854,3,4
1624,rif,"2.2.1.2,3.1,4.2.1.1.1.1.1.1.i2",0.0,0,1
1625,rif,2.2.2,74.10358565737052,186,65
1626,rif,"2.2.2,2.2.1.1.1",0.0,0,1
1627,rif,"2.2.2,3.2.2",100.0,1,0
1628,rif,3,0.0,0,3
1629,rif,"3,4",0.0,0,1
1630,rif,"3,4.2.1.1.1.1.1.1.i2",0.0,0,1
1631,rif,3.1,0.0,0,5
1632,rif,"3.1,4.2.1.1.1.1.1.1.i2",0.0,0,1
1633,rif,3.1.1,40.856031128404666,105,152
1634,rif,"3.1.1,2.2.1.1.1",100.0,3,0
1635,rif,"3.1.1,4.1.i1.1.1.1",0.0,0,1
1636,rif,"3.1.1,4.2.1.1.1.1.1.1.i2",0.0,0,1
1637,rif,"3.1.1,4.2.1.1.1.2.1.1",100.0,1,0
1638,rif,3.1.1.i1,35.714285714285715,10,18
1639,rif,3.1.1.i2,23.91304347826087,11,35
1640,rif,3.1.2,25.0,1,3
1641,rif,3.2,0.0,0,1
1642,rif,3.2.1,0.0,0,2
1643,rif,3.2.2,0.0,0,4
1644,rif,4,22.727272727272727,15,51
1645,rif,4.1,100.0,1,0
1646,rif,4.1.i1.1.1,0.0,0,2
1647,rif,4.1.i1.1.1.1,22.637795275590552,115,393
1648,rif,"4.1.i1.1.1.1,2.2.1.1.1",0.0,0,5
1649,rif,"4.1.i1.1.1.1,2.2.1.1.1.i3",33.333333333333336,1,2
1650,rif,"4.1.i1.1.1.1,4.2.1.2.1.1.i4.1",33.333333333333336,1,2
1651,rif,"4.1.i1.1.1.1,4.2.1.2.2.1",0.0,0,1
1652,rif,"4.1.i1.1.1.1,4.2.2.2.1",100.0,1,0
1653,rif,4.1.i1.1.1.2,42.857142857142854,3,4
1654,rif,4.1.i1.1.2,20.0,1,4
1655,rif,4.1.i1.2.1,36.68122270742358,84,145
1656,rif,"4.1.i1.2.1,2.2.1.1.1",0.0,0,3
1657,rif,4.1.i1.2.2,0.0,0,5
1658,rif,4.1.i2.1,66.66666666666667,14,7
1659,rif,"4.1.i2.1,4.2.1.2.1.1.i1",0.0,0,1
1660,rif,4.1.i2.2,50.0,1,1
1661,rif,4.2.1.1.1.1.1.1.i1,16.2426614481409,83,428
1662,rif,"4.2.1.1.1.1.1.1.i1,1.2.1.1.1",0.0,0,1
1663,rif,"4.2.1.1.1.1.1.1.i1,2.2",100.0,1,0
1664,rif,"4.2.1.1.1.1.1.1.i1,2.2.1",0.0,0,1
1665,rif,"4.2.1.1.1.1.1.1.i1,2.2.1.1.1",0.0,0,1
1666,rif,"4.2.1.1.1.1.1.1.i1,2.2.1.1.1.i3",0.0,0,7
1667,rif,"4.2.1.1.1.1.1.1.i1,4.1.i1.1.1.1",0.0,0,4
1668,rif,"4.2.1.1.1.1.1.1.i1,4.2.1.1.1.1.1.1.i2",0.0,0,1
1669,rif,"4.2.1.1.1.1.1.1.i1,4.2.1.2.1.1.i1",0.0,0,2
1670,rif,"4.2.1.1.1.1.1.1.i1,4.2.1.2.1.1.i4.1",0.0,0,2
1671,rif,"4.2.1.1.1.1.1.1.i1,4.2.2",0.0,0,1
1672,rif,"4.2.1.1.1.1.1.1.i1,4.2.2.2.1,2.2.1.1.1.i3",100.0,1,0
1673,rif,4.2.1.1.1.1.1.1.i2,14.563106796116505,15,88
1674,rif,4.2.1.1.1.1.1.2,0.0,0,1
1675,rif,4.2.1.1.1.1.2,100.0,36,0
1676,rif,4.2.1.1.1.2.1.1.1.1.1,9.523809523809524,2,19
1677,rif,4.2.1.1.1.2.1.1.1.1.2,50.0,5,5
1678,rif,4.2.1.1.1.2.1.1.2,86.20689655172414,25,4
1679,rif,4.2.1.1.1.2.1.2,0.0,0,2
1680,rif,"4.2.1.1.1.2.2,3.1.1.i1",0.0,0,1
1681,rif,4.2.1.1.1.2.2.1.1.1.1,12.5,1,7
1682,rif,4.2.1.1.1.2.2.1.1.1.2,100.0,8,0
1683,rif,"4.2.1.1.1.2.2.1.1.1.2,4.2.1.1.1.2.2.1.2,1.1.1.2.i1,3.1,4.2.1.1.1.1.1.1.i2",0.0,0,1
1684,rif,4.2.1.1.1.2.2.1.1.2,0.0,0,3
1685,rif,4.2.1.1.1.2.2.1.2,100.0,8,0
1686,rif,"4.2.1.1.1.2.2.1.2,4.2.1.2.1.1.i3.2",100.0,1,0
1687,rif,4.2.1.1.1.2.2.2,0.0,0,1
1688,rif,4.2.1.1.2,16.27906976744186,21,108
1689,rif,"4.2.1.1.2,4.2.1.1.1.1.1.1.i2",0.0,0,2
1690,rif,4.2.1.2.1.1,0.0,0,1
1691,rif,4.2.1.2.1.1.i1,30.303030303030305,40,92
1692,rif,4.2.1.2.1.1.i2,70.0,7,3
1693,rif,4.2.1.2.1.1.i3,100.0,1,0
1694,rif,4.2.1.2.1.1.i3.1,65.73426573426573,94,49
1695,rif,"4.2.1.2.1.1.i3.1,2.2.1.1.1",100.0,1,0
1696,rif,"4.2.1.2.1.1.i3.1,4.2.1.1.1.1.2,4.1.i1.1.1.1,4.2.1.2.1.1.i4.1,2.2.1.1.1",100.0,1,0
1697,rif,4.2.1.2.1.1.i3.2,33.333333333333336,37,74
1698,rif,"4.2.1.2.1.1.i4,2.2.1.1.1.i3,4.2.1.1.1.1.1.1.i2",0.0,0,1
1699,rif,4.2.1.2.1.1.i4.1,46.58493870402802,266,305
1700,rif,"4.2.1.2.1.1.i4.1,2.2.1.1.1.i3",0.0,0,1
1701,rif,"4.2.1.2.1.1.i4.1,4.1.i1.1",0.0,0,1
1702,rif,"4.2.1.2.1.1.i4.1,4.2.1.2.1.1.i1",100.0,1,0
1703,rif,4.2.1.2.1.1.i4.2,66.66666666666667,4,2
1704,rif,4.2.1.2.1.2,50.0,2,2
1705,rif,"4.2.1.2.1.2,4.2.1.1.1.2.2.1.1.1.2,4.1.i1.2.2,4.1.i1.1,1.1.1.2.i1,3.1,4.2.1.1.1.2.1.1.1,4.2.1.1.1.1.1.1.i2",0.0,0,1
1706,rif,4.2.1.2.2.1,33.333333333333336,1,2
1707,rif,4.2.1.2.2.1.1,60.54421768707483,89,58
1708,rif,4.2.1.2.2.1.2,12.5,3,21
1709,rif,4.2.1.2.2.2,13.28125,17,111
1710,rif,"4.2.1.2.2.2,4.2.1.1.1.2.2.1",0.0,0,1
1711,rif,4.2.2,73.33333333333333,22,8
1712,rif,"4.2.2,2.2.1.1.1.i3",100.0,1,0
1713,rif,4.2.2.1,27.586206896551722,8,21
1714,rif,"4.2.2.2,2.2.1.1.1.i3",100.0,1,0
1715,rif,4.2.2.2.1,82.45614035087719,329,70
1716,rif,"4.2.2.2.1,2.2.1.1.1",100.0,3,0
1717,rif,"4.2.2.2.1,2.2.1.1.1.i3",100.0,9,0
1718,rif,"4.2.2.2.1,4.2.1.1.1.2.1.1.1",0.0,0,1
1719,rif,"4.2.2.2.1,4.2.1.2.1.1.i4.1",50.0,1,1
1720,rif,4.2.2.2.2,4.40251572327044,7,152
1721,rif,"4.2.2.2.2,2.2.1.1.1.i3",100.0,2,0
1722,rif,"4.2.2.2.2,4.2.1.1.1.1.1.1.i1",0.0,0,1
1723,rif,"4.2.2.2.2,4.2.1.1.1.1.1.1.i2",0.0,0,1
1724,rif,5,0.0,0,1
1725,rif,6,20.0,1,4
1726,rif,nan,3.5714285714285716,1,27
1727,rif,unfilled,75.67567567567568,56,18
1728,str,1.1,33.333333333333336,1,2
1729,str,"1.1,4",0.0,0,1
1730,str,1.1.1.1.1,28.571428571428573,8,20
1731,str,"1.1.1.1.1,2.2.1.1.1",66.66666666666667,2,1
1732,str,"1.1.1.1.2,4.2.1.1.1.1.1.1.i2",0.0,0,1
1733,str,1.1.1.2,9.090909090909092,5,50
1734,str,"1.1.1.2,3.1.1.i1",0.0,0,1
1735,str,"1.1.1.2,4.2.1.1.1.1.1.1.i2",0.0,0,1
1736,str,"1.1.1.2.i1,2.2.1.1.1.i3",100.0,1,0
1737,str,1.1.2,14.792899408284024,25,144
1738,str,"1.1.2,2.2.1.1.1",100.0,2,0
1739,str,"1.1.2,4",0.0,0,1
1740,str,1.2.1.1.1,31.03448275862069,9,20
1741,str,1.2.1.1.2,14.285714285714286,1,6
1742,str,1.2.1.2,100.0,1,0
1743,str,"1.2.2,4",0.0,0,2
1744,str,"1.2.2,4.2.1.1.1.1.1.1.i2",0.0,0,1
1745,str,1.2.2.1,31.08108108108108,23,51
1746,str,"1.2.2.1,1.1.2",0.0,0,1
1747,str,"1.2.2.1,2.2.1.1.1",100.0,1,0
1748,str,"1.2.2.1,4",0.0,0,1
1749,str,"1.2.2.1,4.2.1.2.1.1.i3.1,4.1.i1.1.1.1,2.2.1.1.1,4.2.1.2.1.1.i3.2,4.1.i1.1.2,1.1.1.2.i1,3.1.1.i1,4.2.1.1.1.1.1.1.i2",0.0,0,1
1750,str,1.2.2.2,0.0,0,19
1751,str,2.1,60.0,3,2
1752,str,2.2.1,0.0,0,3
1753,str,2.2.1.1,0.0,0,2
1754,str,"2.2.1.1,4.2.1.1.1.1.1.1.i2",100.0,3,0
1755,str,"2.2.1.1,4.2.2.2.1",100.0,1,0
1756,str,2.2.1.1.1,39.36974789915966,937,1443
1757,str,"2.2.1.1.1,2.2.1.1.2",100.0,1,0
1758,str,"2.2.1.1.1,3.1.1.i1",0.0,0,1
1759,str,"2.2.1.1.1,4",50.0,1,1
1760,str,"2.2.1.1.1,4.2.1.1.1.1.1.1.i2",0.0,0,1
1761,str,"2.2.1.1.1,4.2.1.2.1.1",0.0,0,1
1762,str,"2.2.1.1.1,4.2.1.2.1.1.i1",16.666666666666668,1,5
1763,str,2.2.1.1.1.i1,22.22222222222222,2,7
1764,str,2.2.1.1.1.i2,30.0,3,7
1765,str,2.2.1.1.1.i3,52.58397932816538,407,367
1766,str,2.2.1.1.2,18.666666666666668,14,61
1767,str,2.2.1.2,57.142857142857146,4,3
1768,str,"2.2.1.2,3.1,4.2.1.1.1.1.1.1.i2",0.0,0,1
1769,str,2.2.2,61.75298804780876,155,96
1770,str,"2.2.2,2.2.1.1.1",0.0,0,1
1771,str,"2.2.2,3.2.2",0.0,0,1
1772,str,3,0.0,0,3
1773,str,"3,4",0.0,0,1
1774,str,"3,4.2.1.1.1.1.1.1.i2",100.0,1,0
1775,str,3.1,20.0,1,4
1776,str,"3.1,4.2.1.1.1.1.1.1.i2",0.0,0,1
1777,str,3.1.1,37.7431906614786,97,160
1778,str,"3.1.1,2.2.1.1.1",66.66666666666667,2,1
1779,str,"3.1.1,4.1.i1.1.1.1",0.0,0,1
1780,str,"3.1.1,4.2.1.1.1.1.1.1.i2",0.0,0,1
1781,str,"3.1.1,4.2.1.1.1.2.1.1",0.0,0,1
1782,str,3.1.1.i1,21.428571428571427,6,22
1783,str,3.1.1.i2,21.73913043478261,10,36
1784,str,3.1.2,25.0,1,3
1785,str,3.2,0.0,0,1
1786,str,3.2.1,0.0,0,2
1787,str,3.2.2,25.0,1,3
1788,str,4,12.121212121212121,8,58
1789,str,4.1,100.0,1,0
1790,str,4.1.i1.1.1,0.0,0,2
1791,str,4.1.i1.1.1.1,19.094488188976378,97,411
1792,str,"4.1.i1.1.1.1,2.2.1.1.1",80.0,4,1
1793,str,"4.1.i1.1.1.1,2.2.1.1.1.i3",66.66666666666667,2,1
1794,str,"4.1.i1.1.1.1,4.2.1.2.1.1.i4.1",33.333333333333336,1,2
1795,str,"4.1.i1.1.1.1,4.2.1.2.2.1",0.0,0,1
1796,str,"4.1.i1.1.1.1,4.2.2.2.1",100.0,1,0
1797,str,4.1.i1.1.1.2,14.285714285714286,1,6
1798,str,4.1.i1.1.2,40.0,2,3
1799,str,4.1.i1.2.1,38.427947598253276,88,141
1800,str,"4.1.i1.2.1,2.2.1.1.1",0.0,0,3
1801,str,4.1.i1.2.2,20.0,1,4
1802,str,4.1.i2.1,100.0,21,0
1803,str,"4.1.i2.1,4.2.1.2.1.1.i1",0.0,0,1
1804,str,4.1.i2.2,100.0,2,0
1805,str,4.2.1.1.1.1.1.1.i1,20.35225048923679,104,407
1806,str,"4.2.1.1.1.1.1.1.i1,1.2.1.1.1",0.0,0,1
1807,str,"4.2.1.1.1.1.1.1.i1,2.2",0.0,0,1
1808,str,"4.2.1.1.1.1.1.1.i1,2.2.1",0.0,0,1
1809,str,"4.2.1.1.1.1.1.1.i1,2.2.1.1.1",100.0,1,0
1810,str,"4.2.1.1.1.1.1.1.i1,2.2.1.1.1.i3",14.285714285714286,1,6
1811,str,"4.2.1.1.1.1.1.1.i1,4.1.i1.1.1.1",25.0,1,3
1812,str,"4.2.1.1.1.1.1.1.i1,4.2.1.1.1.1.1.1.i2",0.0,0,1
1813,str,"4.2.1.1.1.1.1.1.i1,4.2.1.2.1.1.i1",0.0,0,2
1814,str,"4.2.1.1.1.1.1.1.i1,4.2.1.2.1.1.i4.1",0.0,0,2
1815,str,"4.2.1.1.1.1.1.1.i1,4.2.2",0.0,0,1
1816,str,"4.2.1.1.1.1.1.1.i1,4.2.2.2.1,2.2.1.1.1.i3",100.0,1,0
1817,str,4.2.1.1.1.1.1.1.i2,13.592233009708737,14,89
1818,str,4.2.1.1.1.1.1.2,0.0,0,1
1819,str,4.2.1.1.1.1.2,44.44444444444444,16,20
1820,str,4.2.1.1.1.2.1.1.1.1.1,0.0,0,21
1821,str,4.2.1.1.1.2.1.1.1.1.2,30.0,3,7
1822,str,4.2.1.1.1.2.1.1.2,6.896551724137931,2,27
1823,str,4.2.1.1.1.2.1.2,50.0,1,1
1824,str,"4.2.1.1.1.2.2,3.1.1.i1",0.0,0,1
1825,str,4.2.1.1.1.2.2.1.1.1.1,12.5,1,7
1826,str,4.2.1.1.1.2.2.1.1.1.2,50.0,4,4
1827,str,"4.2.1.1.1.2.2.1.1.1.2,4.2.1.1.1.2.2.1.2,1.1.1.2.i1,3.1,4.2.1.1.1.1.1.1.i2",0.0,0,1
1828,str,4.2.1.1.1.2.2.1.1.2,0.0,0,3
1829,str,4.2.1.1.1.2.2.1.2,62.5,5,3
1830,str,"4.2.1.1.1.2.2.1.2,4.2.1.2.1.1.i3.2",0.0,0,1
1831,str,4.2.1.1.1.2.2.2,0.0,0,1
1832,str,4.2.1.1.2,7.751937984496124,10,119
1833,str,"4.2.1.1.2,4.2.1.1.1.1.1.1.i2",0.0,0,2
1834,str,4.2.1.2.1.1,0.0,0,1
1835,str,4.2.1.2.1.1.i1,12.878787878787879,17,115
1836,str,4.2.1.2.1.1.i2,20.0,2,8
1837,str,4.2.1.2.1.1.i3,0.0,0,1
1838,str,4.2.1.2.1.1.i3.1,62.93706293706294,90,53
1839,str,"4.2.1.2.1.1.i3.1,2.2.1.1.1",100.0,1,0
1840,str,"4.2.1.2.1.1.i3.1,4.2.1.1.1.1.2,4.1.i1.1.1.1,4.2.1.2.1.1.i4.1,2.2.1.1.1",100.0,1,0
1841,str,4.2.1.2.1.1.i3.2,18.01801801801802,20,91
1842,str,"4.2.1.2.1.1.i4,2.2.1.1.1.i3,4.2.1.1.1.1.1.1.i2",0.0,0,1
1843,str,4.2.1.2.1.1.i4.1,29.59719789842382,169,402
1844,str,"4.2.1.2.1.1.i4.1,2.2.1.1.1.i3",0.0,0,1
1845,str,"4.2.1.2.1.1.i4.1,4.1.i1.1",0.0,0,1
1846,str,"4.2.1.2.1.1.i4.1,4.2.1.2.1.1.i1",0.0,0,1
1847,str,4.2.1.2.1.1.i4.2,16.666666666666668,1,5
1848,str,4.2.1.2.1.2,0.0,0,4
1849,str,"4.2.1.2.1.2,4.2.1.1.1.2.2.1.1.1.2,4.1.i1.2.2,4.1.i1.1,1.1.1.2.i1,3.1,4.2.1.1.1.2.1.1.1,4.2.1.1.1.1.1.1.i2",0.0,0,1
1850,str,4.2.1.2.2.1,33.333333333333336,1,2
1851,str,4.2.1.2.2.1.1,49.65986394557823,73,74
1852,str,4.2.1.2.2.1.2,4.166666666666667,1,23
1853,str,4.2.1.2.2.2,11.71875,15,113
1854,str,"4.2.1.2.2.2,4.2.1.1.1.2.2.1",0.0,0,1
1855,str,4.2.2,60.0,18,12
1856,str,"4.2.2,2.2.1.1.1.i3",100.0,1,0
1857,str,4.2.2.1,10.344827586206897,3,26
1858,str,"4.2.2.2,2.2.1.1.1.i3",100.0,1,0
1859,str,4.2.2.2.1,84.46115288220551,337,62
1860,str,"4.2.2.2.1,2.2.1.1.1",100.0,3,0
1861,str,"4.2.2.2.1,2.2.1.1.1.i3",88.88888888888889,8,1
1862,str,"4.2.2.2.1,4.2.1.1.1.2.1.1.1",0.0,0,1
1863,str,"4.2.2.2.1,4.2.1.2.1.1.i4.1",100.0,2,0
1864,str,4.2.2.2.2,6.918238993710692,11,148
1865,str,"4.2.2.2.2,2.2.1.1.1.i3",100.0,2,0
1866,str,"4.2.2.2.2,4.2.1.1.1.1.1.1.i1",0.0,0,1
1867,str,"4.2.2.2.2,4.2.1.1.1.1.1.1.i2",0.0,0,1
1868,str,5,0.0,0,1
1869,str,6,0.0,0,5
1870,str,nan,0.0,0,28
1871,str,unfilled,55.4054054054054,41,33
